p_1;p_2;p_3;p_4;p_5;p_6;p_7;p_8;p_9;p_10;p_11;p_12;p_13;p_14;p_15;p_16;p_17;p_18;p_19;p_20;p_21;p_22;p_23;p_24;p_25;p_26;p_27;p_28;p_29;p_30;p_31;p_32;p_33;p_34;p_35
0,007697463;0,1867643;0,2189126;0,3119311;0,2861068;0,03928125;0,3240016;0,1349907;0,1041126;0,01527214;0,3345207;0,2989398;0,3356751;0,07475507;0,191826;0,2508091;0,2527195;0,2103266;0,2900113;0,0729749;0,2129809;0,3351118;0,15465;0,100176;0,2762972;0,2459781;0,09464613;0,08433831;0,008758307;0,07111999;0,1811152;0,3435464;0,318763;0,1520575;0,1114214
0,3729374;0,5476161;0,5880078;0,6768531;0,6128451;0,4030102;0,679309;0,5162107;0,4756645;0,3729197;0,766109;0,677822;0,7627444;0,4690247;0,5724404;0,593145;0,6002675;0,5872529;0,6399674;0,4630804;0,6020607;0,7858481;0,5316823;0,4988437;0,6152333;0,5908748;0,4591284;0,4364418;0,3597167;0,4492126;0,6088133;0,6995503;0,6653116;0,5672721;0,4665475
0,7554079;0,9071745;0,9935198;1,0474;0,9530729;0,7430009;1,029975;0,9205499;0,8773168;0,723246;1,172921;1,059262;1,148715;0,8596987;0,9666206;0,9676163;1,030027;0,9745489;0,9714823;0,8174822;1,011543;1,173164;0,9463608;0,8944167;0,9182673;1,005692;0,829143;0,7968192;0,6940629;0,8160561;0,9747015;1,047468;1,002096;0,9124413;0,8392174
1,14369;1,24746;1,387736;1,388189;1,29298;1,108836;1,376016;1,314983;1,304245;1,119223;1,521761;1,407812;1,514404;1,270666;1,314578;1,380183;1,394293;1,370164;1,307436;1,166012;1,364366;1,537549;1,345479;1,270433;1,274781;1,377118;1,193511;1,139521;1,079397;1,20252;1,321589;1,456357;1,327582;1,206212;1,215766
1,489587;1,585239;1,744357;1,795254;1,578468;1,497316;1,782349;1,64359;1,714036;1,480082;1,868992;1,750824;1,871903;1,606994;1,70817;1,73512;1,767931;1,75082;1,651401;1,504805;1,730636;1,899696;1,737481;1,610498;1,639179;1,721726;1,575212;1,465643;1,407599;1,556562;1,681086;1,861671;1,672881;1,614169;1,558974
1,798076;1,93516;2,111598;2,158162;1,847251;1,838196;2,169387;1,963337;2,011012;1,823139;2,192558;2,124148;2,200618;1,932198;2,043799;2,073112;2,0861;2,082957;2,00176;1,855294;2,049014;2,204597;2,05671;1,944764;1,972386;2,053585;1,907888;1,787172;1,715478;1,894167;2,072068;2,184752;2,014996;1,99243;1,864244
2,127839;2,292613;2,447304;2,451632;2,132372;2,148131;2,489786;2,230498;2,330352;2,125585;2,496672;2,499026;2,546721;2,257714;2,336967;2,395732;2,406017;2,398407;2,341053;2,201594;2,385302;2,471743;2,326882;2,276733;2,281228;2,410556;2,256547;2,100914;2,07496;2,21828;2,427383;2,570613;2,37184;2,324127;2,177617
2,460168;2,641372;2,823961;2,751817;2,414163;2,482621;2,799004;2,539969;2,669008;2,422635;2,812775;2,845796;2,863388;2,586604;2,682571;2,714111;2,702102;2,725603;2,671765;2,549585;2,757705;2,763411;2,648096;2,662983;2,561401;2,785349;2,609818;2,400187;2,416563;2,527135;2,760761;2,950727;2,714649;2,708078;2,465191
2,80843;2,939468;3,173018;3,068959;2,69724;2,76408;3,077299;2,827302;2,940207;2,730509;3,112993;3,153297;3,170586;2,930114;3,003376;3,000722;3,001448;3,017335;2,975418;2,862521;3,084155;3,086388;3,014677;3,048414;2,837405;3,099963;2,93721;2,717567;2,70934;2,900396;3,11155;3,266042;3,036435;3,019427;2,750623
3,114534;3,250521;3,479832;3,316979;2,962539;3,080399;3,339568;3,124378;3,254261;3,020811;3,400263;3,455939;3,470331;3,277677;3,302221;3,307327;3,302706;3,330276;3,264355;3,158657;3,410941;3,374908;3,297621;3,314268;3,095272;3,373364;3,251869;3,012833;2,986215;3,248034;3,407538;3,552575;3,352155;3,329979;3,081565
3,41529;3,514502;3,755222;3,585663;3,225383;3,339216;3,625103;3,397789;3,52386;3,312649;3,655046;3,712134;3,722518;3,568448;3,571926;3,582835;3,61762;3,615229;3,535531;3,435764;3,679265;3,656532;3,580128;3,578835;3,342856;3,647007;3,554626;3,272508;3,241409;3,512252;3,684266;3,825898;3,656648;3,597791;3,37997
3,679995;3,75092;4,015896;3,823792;3,443566;3,586393;3,891222;3,614136;3,771969;3,580071;3,876909;3,947129;3,959037;3,80512;3,782495;3,848806;3,849683;3,880295;3,783723;3,703436;3,907967;3,880655;3,793887;3,84972;3,604395;3,88697;3,874182;3,504852;3,47149;3,744228;3,947228;4,112377;3,915506;3,85677;3,594418
3,90764;4,018797;4,233851;4,01299;3,646376;3,805457;4,119633;3,784878;3,984067;3,802795;4,097717;4,151656;4,164016;4,037447;3,975799;4,039314;4,069521;4,112979;4,032016;3,953532;4,123693;4,068836;4,001853;4,075718;3,816407;4,120085;4,108261;3,712173;3,699066;3,978881;4,218568;4,338976;4,136113;4,093058;3,773675
4,163285;4,266552;4,414872;4,181307;3,832072;4,020052;4,323252;3,955275;4,189937;4,010365;4,255929;4,358124;4,349035;4,222883;4,163246;4,243369;4,25707;4,293091;4,275744;4,170724;4,292691;4,199659;4,163577;4,301194;3,979011;4,303185;4,308414;3,925325;3,86855;4,15167;4,437335;4,55095;4,360426;4,315434;3,93836
4,388028;4,455544;4,597539;4,30619;3,98422;4,182718;4,48294;4,088717;4,30893;4,191961;4,40739;4,516178;4,538169;4,461973;4,332876;4,431874;4,42323;4,42439;4,444107;4,392606;4,462636;4,347608;4,345123;4,457025;4,107956;4,470388;4,501083;4,110795;4,054766;4,33149;4,649126;4,753575;4,543267;4,51509;4,081232
4,553882;4,596674;4,732496;4,428006;4,094151;4,338947;4,624223;4,217175;4,45407;4,324527;4,532311;4,684382;4,690019;4,619839;4,475302;4,591655;4,5736;4,569141;4,592341;4,562205;4,617281;4,486386;4,48715;4,638066;4,211675;4,615958;4,655879;4,281961;4,176023;4,49335;4,820053;4,896933;4,709556;4,67556;4,214341
4,694745;4,721632;4,840726;4,532024;4,181435;4,461717;4,714068;4,317904;4,554243;4,470067;4,633294;4,784913;4,786729;4,77375;4,580414;4,70695;4,678444;4,660554;4,720508;4,725261;4,716879;4,602289;4,600746;4,759969;4,290372;4,720341;4,793185;4,396862;4,278489;4,606173;4,984341;5,029357;4,81703;4,783878;4,324017
4,777425;4,791118;4,934638;4,593568;4,257361;4,567026;4,783457;4,395678;4,64635;4,572728;4,696092;4,866327;4,846827;4,857597;4,656678;4,777527;4,753256;4,742857;4,815809;4,828495;4,788386;4,669901;4,666955;4,841414;4,347668;4,78753;4,888863;4,501296;4,37115;4,695884;5,081707;5,085829;4,891203;4,879911;4,367484
4,842172;4,843197;4,962193;4,62938;4,29286;4,623181;4,809068;4,417433;4,705276;4,620353;4,734935;4,897881;4,86462;4,922604;4,67324;4,81885;4,801143;4,760288;4,860411;4,907609;4,809187;4,687169;4,681769;4,897102;4,365271;4,83317;4,945889;4,535274;4,397666;4,728661;5,160606;5,143678;4,934157;4,913957;4,383559
4,877896;4,854916;4,959536;4,595116;4,292865;4,66285;4,766672;4,401065;4,72583;4,658695;4,690638;4,872791;4,859497;4,945657;4,641037;4,816009;4,804703;4,762808;4,88161;4,911247;4,789657;4,657047;4,661758;4,89347;4,329981;4,80193;4,962697;4,559313;4,414607;4,718534;5,168647;5,136053;4,941492;4,921522;4,355062
4,871411;4,845244;4,795846;4,520982;4,261852;4,654961;4,590451;4,331876;4,69484;4,614305;4,606831;4,822091;4,802264;4,93749;4,558575;4,78838;4,751695;4,719461;4,833508;4,895752;4,726105;4,575881;4,595491;4,848859;4,243478;4,725851;4,939571;4,52387;4,371808;4,678612;5,144392;5,074841;4,857787;4,846701;4,293358
4,806596;4,76607;4,352748;4,375263;4,154286;4,603012;4,34414;4,197297;4,583277;4,54572;4,413498;4,686251;4,70184;4,860248;4,400157;4,702911;4,670337;4,621144;4,687167;4,798655;4,559813;4,350882;4,480474;4,74565;4,086359;4,531596;4,827069;4,452101;4,277324;4,535559;5,040325;4,844636;4,65419;4,612091;4,160902
4,691244;4,618911;4,158306;4,101212;3,970861;4,408662;4,280912;3,953147;4,41924;4,421334;4,108685;4,46217;4,530222;4,719697;4,103551;4,545551;4,528886;4,468476;4,424021;4,575083;4,256291;4,068451;4,258848;4,546376;3,802258;4,25846;4,569262;4,263578;4,089564;4,259776;4,798316;4,574042;4,403554;4,390992;3,93354
4,41018;4,300831;4,043631;3,827085;3,711974;4,127092;4,268559;3,715991;4,111852;4,164285;3,928458;4,178927;4,192419;4,453277;3,928521;4,237146;4,268324;4,171055;4,277172;4,351749;4,03194;3,912906;3,947835;4,244027;3,652678;4,143798;4,314684;3,964991;3,799982;4,031072;4,517356;4,492225;4,293819;4,2928;3,700889
4,161129;4,098739;3,9792;3,705795;3,584217;3,942633;4,248066;3,594566;3,842061;3,908094;3,835463;4,047093;3,942488;4,154233;3,836424;4,021767;3,943813;3,889472;4,221386;4,253579;3,937533;3,843288;3,804209;4,065499;3,562564;4,069448;4,187321;3,804777;3,637511;3,935519;4,388597;4,447186;4,255236;4,259912;3,567178
4,028814;4,007115;3,922032;3,626835;3,531089;3,846439;4,246202;3,523645;3,696561;3,778642;3,772844;3,970939;3,79652;3,995298;3,773368;3,88851;3,779606;3,717748;4,185192;4,205132;3,86652;3,790144;3,731755;3,964526;3,500865;4,019154;4,118467;3,732595;3,54543;3,885701;4,32381;4,435123;4,23332;4,237069;3,491121
3,938412;3,94565;3,858484;3,549375;3,489438;3,783947;4,239619;3,452572;3,602883;3,683523;3,71311;3,907365;3,709585;3,904544;3,731508;3,807744;3,67726;3,606151;4,165445;4,163285;3,828192;3,739667;3,656214;3,898479;3,454956;3,984308;4,072266;3,681911;3,484757;3,841714;4,278769;4,408675;4,210067;4,216484;3,434226
3,896458;3,900845;3,807619;3,507427;3,472575;3,743085;4,22984;3,410014;3,518467;3,610418;3,669857;3,874808;3,632077;3,855713;3,689625;3,73677;3,593879;3,536964;4,141308;4,136949;3,789803;3,705096;3,594568;3,840918;3,401387;3,935695;4,031045;3,633525;3,433244;3,809951;4,232482;4,397083;4,189478;4,192073;3,392741
3,837659;3,848756;3,759183;3,447124;3,453341;3,713638;4,203671;3,372764;3,448582;3,548077;3,626159;3,844392;3,578239;3,799382;3,644838;3,698584;3,52399;3,437913;4,106931;4,118127;3,740873;3,664409;3,562826;3,812223;3,371839;3,899563;3,988858;3,598207;3,388628;3,762036;4,192318;4,36954;4,176835;4,165074;3,339149
3,797384;3,782642;3,719906;3,416244;3,418154;3,676947;4,186862;3,322021;3,380136;3,486348;3,585933;3,81484;3,525187;3,741526;3,611101;3,664202;3,464471;3,37088;4,089744;4,093487;3,706771;3,61379;3,535909;3,787478;3,321825;3,858489;3,961398;3,562733;3,352656;3,718417;4,148346;4,339585;4,150212;4,14155;3,298551
3,757585;3,743043;3,681443;3,354755;3,385768;3,631488;4,151168;3,280795;3,305118;3,449816;3,542782;3,795973;3,460771;3,68844;3,57157;3,616388;3,39315;3,300552;4,047104;4,084957;3,668422;3,566338;3,489536;3,730864;3,275343;3,834041;3,938792;3,522645;3,313603;3,67768;4,118214;4,318582;4,120946;4,103631;3,24708
3,709377;3,67659;3,6443;3,30162;3,347445;3,581126;4,102651;3,22275;3,248836;3,412897;3,488588;3,731937;3,409845;3,636942;3,537218;3,547601;3,339605;3,247801;4,011438;4,055084;3,62484;3,520773;3,438449;3,695495;3,233376;3,788894;3,906169;3,485817;3,262197;3,635667;4,086424;4,277333;4,084139;4,077397;3,202924
3,666631;3,64344;3,602182;3,267196;3,308986;3,524546;4,06245;3,174126;3,202702;3,359156;3,450166;3,688256;3,35189;3,605112;3,500435;3,468089;3,281109;3,186755;3,97685;4,006147;3,588378;3,467932;3,381332;3,634988;3,178336;3,753815;3,862895;3,433586;3,212864;3,598852;4,057369;4,237319;4,033213;4,04544;3,151155
3,622145;3,605635;3,542886;3,211787;3,253671;3,470808;3,990952;3,125107;3,166865;3,322929;3,394737;3,630946;3,299715;3,550237;3,441565;3,405387;3,224439;3,132653;3,928742;3,946958;3,529895;3,441439;3,329161;3,581129;3,137303;3,713446;3,81662;3,383198;3,173121;3,56088;4,018157;4,183226;3,987344;3,993097;3,115345
3,578203;3,551622;3,480146;3,166842;3,216685;3,439905;3,923257;3,069556;3,124607;3,258706;3,337709;3,562039;3,238151;3,509221;3,391228;3,356615;3,168158;3,088057;3,873564;3,863387;3,476978;3,402571;3,273869;3,534452;3,085185;3,661232;3,758897;3,33418;3,115077;3,526608;3,96164;4,120852;3,92534;3,93408;3,069886
3,525197;3,503735;3,407629;3,11425;3,172367;3,392471;3,817412;3,00258;3,087508;3,211529;3,280219;3,494845;3,193974;3,465232;3,324668;3,313872;3,133792;3,043617;3,801664;3,789914;3,41597;3,34609;3,225312;3,483637;3,029531;3,590414;3,703898;3,278042;3,063902;3,466878;3,898761;4,045313;3,841089;3,851213;3,010396
3,471075;3,430774;3,337505;3,051102;3,128161;3,320565;3,693177;2,961345;3,013064;3,154942;3,221484;3,446544;3,143876;3,418159;3,260483;3,282465;3,082429;2,997803;3,706386;3,724377;3,362551;3,283448;3,153982;3,43212;2,948065;3,515728;3,639853;3,2223;3,007802;3,399338;3,828638;3,962798;3,763491;3,754263;2,947687
3,393451;3,350913;3,257223;2,97899;3,049808;3,246332;3,55614;2,891675;2,950314;3,097048;3,149018;3,375201;3,083847;3,359266;3,180139;3,230015;3,027513;2,952379;3,616473;3,646187;3,282469;3,199776;3,093599;3,365232;2,893848;3,417754;3,583271;3,15761;2,937838;3,316769;3,758196;3,863806;3,652337;3,655187;2,899351
3,323815;3,27123;3,172579;2,909608;2,977847;3,13854;3,398582;2,830561;2,894025;3,047971;3,038118;3,287761;3,034847;3,273867;3,084525;3,16625;2,960736;2,874557;3,506544;3,550171;3,209565;3,118647;3,009718;3,299012;2,80531;3,335788;3,502058;3,081367;2,877765;3,232335;3,680147;3,733706;3,530102;3,543774;2,813632
3,235386;3,179132;3,052026;2,845995;2,868896;3,039011;3,224632;2,737583;2,813681;2,956383;2,95387;3,163295;2,960162;3,202129;2,982085;3,081978;2,896903;2,820115;3,382546;3,442791;3,104557;3,027372;2,909033;3,186202;2,729758;3,225004;3,397375;2,992213;2,818689;3,135557;3,589337;3,576957;3,397363;3,403145;2,762213
3,148786;3,099409;2,914057;2,740906;2,754448;2,940294;3,022388;2,654398;2,7652;2,875317;2,851826;3,028757;2,883618;3,116689;2,87621;2,962281;2,821533;2,772202;3,251609;3,291737;2,980773;2,930571;2,815563;3,108006;2,646312;3,091706;3,292484;2,907555;2,745492;3,019808;3,489617;3,403641;3,243023;3,257404;2,657097
3,033586;2,972907;2,750704;2,660387;2,625818;2,817361;2,772937;2,54012;2,685189;2,762569;2,733418;2,874663;2,780762;3,007606;2,739362;2,851368;2,743472;2,717581;3,08217;3,117625;2,839027;2,790291;2,696208;2,991787;2,514168;2,948664;3,171572;2,790806;2,647711;2,86941;3,334249;3,224706;3,030571;3,064425;2,554812
2,905609;2,838847;2,549522;2,50667;2,448547;2,671892;2,429029;2,406416;2,59327;2,639864;2,572653;2,71682;2,687697;2,8999;2,583327;2,735924;2,657491;2,620428;2,867256;2,926389;2,685855;2,616207;2,542485;2,853277;2,378587;2,777814;2,991191;2,670427;2,522588;2,705614;3,174853;2,977272;2,758877;2,834682;2,443619
2,765033;2,675189;2,277836;2,348938;2,228015;2,496364;2,131163;2,256392;2,474521;2,499674;2,347203;2,498231;2,572999;2,762428;2,35845;2,600551;2,530778;2,521894;2,588861;2,716952;2,473124;2,364599;2,342892;2,700906;2,197041;2,547294;2,783746;2,499938;2,379753;2,488837;2,980206;2,651243;2,455424;2,510005;2,272507
2,566486;2,468628;2,026303;2,146462;1,971444;2,27251;1,901932;2,051107;2,308285;2,303225;2,059093;2,237643;2,39648;2,555373;2,077394;2,428929;2,409596;2,343075;2,226291;2,428128;2,175703;2,077611;2,098627;2,503051;1,915027;2,262924;2,535717;2,289085;2,202532;2,204674;2,724867;2,346947;2,17239;2,185248;2,058987
2,272446;2,129876;1,865168;1,891915;1,784557;2,016004;1,680742;1,846046;2,131772;2,055624;1,833385;2,022478;2,184726;2,26983;1,856308;2,150052;2,172345;2,149124;2,00017;2,140424;1,932028;1,889881;1,796957;2,173023;1,681793;2,040395;2,250113;2,040824;1,998358;1,953949;2,415852;2,115685;1,944129;1,952832;1,814376
1,996085;1,904176;1,700752;1,714461;1,611445;1,8318;1,453134;1,677108;1,883188;1,831768;1,682608;1,843471;1,99628;2,050538;1,675847;1,968729;1,913688;1,941357;1,781013;1,936446;1,76567;1,736265;1,665846;1,965236;1,523657;1,864713;2,043969;1,827334;1,789018;1,757766;2,190193;1,910866;1,735576;1,75504;1,666049
1,821378;1,760119;1,542085;1,556483;1,461267;1,666465;1,206262;1,496333;1,760396;1,676093;1,527633;1,668061;1,828611;1,897686;1,510533;1,809009;1,787436;1,77693;1,573933;1,725868;1,597956;1,590498;1,53673;1,778871;1,354399;1,678085;1,843174;1,654358;1,639104;1,620009;1,969723;1,698405;1,517014;1,543148;1,484521
1,673937;1,598481;1,379909;1,422153;1,299555;1,505163;0,9775425;1,330848;1,646941;1,545855;1,385835;1,497307;1,681863;1,749142;1,366619;1,672614;1,653914;1,721453;1,363963;1,494964;1,456044;1,441976;1,379844;1,610876;1,218094;1,483765;1,666589;1,497428;1,491682;1,444307;1,755347;1,470279;1,301372;1,347357;1,315247
1,512275;1,452376;1,206266;1,293306;1,128736;1,330298;0,7166269;1,204696;1,532724;1,408965;1,226844;1,321226;1,564766;1,596383;1,192583;1,493493;1,574802;1,597962;1,17973;1,263473;1,281434;1,264845;1,235927;1,435944;1,065636;1,295675;1,470025;1,321383;1,333192;1,260677;1,573855;1,226003;1,072066;1,116389;1,18541
1,346863;1,258689;1,029854;1,174531;0,9539126;1,183559;0,4636139;1,06596;1,401505;1,268072;1,023393;1,145463;1,422307;1,434849;0,9898674;1,314563;1,441657;1,472949;0,9419624;1,041392;1,089898;1,045293;1,044524;1,276788;0,9064291;1,106084;1,287757;1,144485;1,177634;1,077297;1,385967;0,9828242;0,8448481;0,8907132;1,045447
1,164567;1,068302;0,8447489;1,041297;0,7781538;0,9726551;0,190856;0,9262595;1,239591;1,119566;0,8304058;0,9406241;1,303321;1,263119;0,7899383;1,145087;1,295717;1,334841;0,6875206;0,8133548;0,8980204;0,8483435;0,8578506;1,100185;0,7212006;0,8961318;1,088934;0,9480982;1,038286;0,8678549;1,190209;0,7317338;0,5972059;0,6138319;0,8961623
0,9649335;0,9102091;0,5942522;0,8577963;0,5826674;0,7859847;-0,1269372;0,7464727;1,085349;0,960322;0,6509483;0,7546031;1,153852;1,073911;0,566179;1,011703;1,151573;1,177402;0,4431064;0,5662419;0,6815879;0,6273228;0,6701788;0,9349021;0,5188589;0,6589846;0,8715794;0,7528436;0,8716004;0,6466956;0,9631727;0,5046037;0,3353168;0,3612988;0,749685
0,7647352;0,7278355;0,3460439;0,6603525;0,37068;0,5824321;-0,4131646;0,5402847;0,9411972;0,772338;0,4731175;0,5310444;0,9932608;0,8885266;0,385221;0,8369051;0,9794536;0,9911297;0,2029566;0,3300705;0,4577697;0,4188751;0,5181612;0,7279837;0,3500146;0,4346343;0,6480769;0,5408621;0,6893834;0,4482801;0,7187263;0,2082911;0,07098442;0,1437584;0,5230989
0,5769619;0,5300831;0,05265504;0,4106254;0,1469159;0,3569883;-0,7055893;0,3224409;0,7734468;0,5907959;0,2660554;0,2818284;0,8231469;0,7199592;0,1572536;0,6938366;0,8448285;0,8418603;-0,06125456;0,07857555;0,2146875;0,1894719;0,3295873;0,5461398;0,162741;0,1576639;0,4126473;0,3442121;0,5210023;0,2011744;0,493061;-0,0627439;-0,1935209;-0,1388808;0,3156874
0,3918263;0,3135799;-0,1873239;0,1726503;-0,0585134;0,1337804;-1,041789;0,1183378;0,6169981;0,416219;0,02882189;0,0235002;0,6071419;0,5111131;-0,08413279;0,4770727;0,6623698;0,7124491;-0,3114567;-0,1623539;-0,03323193;-0,0540306;0,09693065;0,317788;-0,02740961;-0,1052856;0,1885332;0,1237364;0,3333625;-0,0388273;0,2282256;-0,3384005;-0,4718448;-0,428391;0,120577
0,1817774;0,07025176;-0,438053;-0,02053851;-0,2841156;-0,06571539;-1,352914;-0,08450323;0,4024764;0,1903585;-0,2539791;-0,2215995;0,3703611;0,3129346;-0,3502765;0,2534796;0,4841672;0,5356876;-0,5912436;-0,4210103;-0,2917146;-0,2996503;-0,1626757;0,07452869;-0,2673623;-0,3798975;-0,0899106;-0,09062737;0,09302721;-0,3157567;-0,01936394;-0,6984515;-0,7445359;-0,7062261;-0,06615329
-0,04575497;-0,1772956;-0,6733926;-0,208819;-0,5300557;-0,3064738;-1,673345;-0,2725027;0,1998034;-0,02163398;-0,5234028;-0,4856388;0,1441464;0,07116526;-0,6206792;-0,03014159;0,2542597;0,3838719;-0,8708014;-0,6726122;-0,5328164;-0,590021;-0,4267952;-0,2119547;-0,5102713;-0,6475812;-0,4058079;-0,3098468;-0,1402678;-0,5633159;-0,3151268;-1,022227;-1,024833;-0,9924846;-0,2784674
-0,3239612;-0,442451;-0,9203719;-0,4384167;-0,7840004;-0,5770435;-1,964079;-0,5082345;0,004279494;-0,2611426;-0,8038272;-0,7542785;-0,07959318;-0,1835948;-0,9053282;-0,279178;0,06328106;0,148339;-1,17227;-0,9557078;-0,7664514;-0,8571342;-0,6994323;-0,4936501;-0,7680995;-0,9280062;-0,6607626;-0,546367;-0,3587509;-0,8167395;-0,5746503;-1,339976;-1,308061;-1,323833;-0,5223801
-0,5943395;-0,6764683;-1,178921;-0,6925088;-1,100365;-0,8347449;-2,25723;-0,7469223;-0,2213733;-0,5465826;-1,0545;-1,030736;-0,2419354;-0,4579837;-1,18646;-0,5352842;-0,1765333;-0,08003092;-1,467399;-1,241119;-1,057841;-1,1466;-0,955015;-0,757506;-0,9851893;-1,195006;-0,9781471;-0,8276201;-0,5819808;-1,14742;-0,8669184;-1,626395;-1,639321;-1,633624;-0,7556031
-0,8662557;-0,9170378;-1,454962;-0,954918;-1,370595;-1,091026;-2,541281;-1,014834;-0,444288;-0,7596768;-1,278363;-1,296644;-0,4499049;-0,7369557;-1,462132;-0,7625398;-0,4011714;-0,363198;-1,762548;-1,519444;-1,385346;-1,428733;-1,190187;-1,021553;-1,229887;-1,458134;-1,30596;-1,10358;-0,8309402;-1,412761;-1,154774;-1,895488;-1,978336;-1,925627;-1,025463
-1,136518;-1,192541;-1,767643;-1,217026;-1,606867;-1,338326;-2,830801;-1,263054;-0,725098;-0,9664602;-1,51191;-1,551008;-0,6587987;-0,9820438;-1,724468;-1,008132;-0,6484545;-0,666791;-2,053717;-1,785474;-1,671407;-1,716437;-1,429018;-1,296889;-1,500089;-1,72326;-1,579932;-1,35243;-1,066797;-1,690895;-1,435045;-2,191377;-2,290514;-2,212699;-1,303934
-1,429991;-1,453413;-2,039919;-1,459474;-1,862713;-1,601243;-3,122582;-1,476799;-0,9524076;-1,222511;-1,756711;-1,800278;-0,9116366;-1,235054;-1,990154;-1,258144;-0,9084989;-0,9237227;-2,324979;-2,056266;-1,940494;-1,99143;-1,668873;-1,562164;-1,781629;-2,025163;-1,856538;-1,61088;-1,319043;-1,962889;-1,733976;-2,48389;-2,567785;-2,478544;-1,585268
-1,637555;-1,726416;-2,32266;-1,718163;-2,07229;-1,869314;-3,390522;-1,730528;-1,251438;-1,518733;-2,039313;-2,055628;-1,214105;-1,508482;-2,265613;-1,513124;-1,180702;-1,155522;-2,601591;-2,32361;-2,19762;-2,303983;-1,928421;-1,836769;-2,032645;-2,327519;-2,138756;-1,873381;-1,578333;-2,203192;-2,033819;-2,760462;-2,815562;-2,74947;-1,846224
-1,899652;-2,018927;-2,595448;-1,978415;-2,296893;-2,134224;-3,636104;-1,974315;-1,484956;-1,785609;-2,322346;-2,31773;-1,593777;-1,809448;-2,538357;-1,819894;-1,486923;-1,403191;-2,86033;-2,581246;-2,447584;-2,576082;-2,196279;-2,099093;-2,278709;-2,630556;-2,437011;-2,127536;-1,841932;-2,479439;-2,336629;-3,040723;-3,050996;-2,988326;-2,088732
-2,198826;-2,276323;-2,851352;-2,256587;-2,515613;-2,386914;-3,874039;-2,225177;-1,737488;-2,068069;-2,611535;-2,593542;-1,914359;-2,071118;-2,79405;-2,138668;-1,758108;-1,650417;-3,168894;-2,826219;-2,708271;-2,84626;-2,459986;-2,362617;-2,507834;-2,921697;-2,702193;-2,415726;-2,087028;-2,752686;-2,661388;-3,304519;-3,297911;-3,236333;-2,292621
-2,433138;-2,499166;-3,071055;-2,495914;-2,760421;-2,650492;-4,083714;-2,474226;-1,980785;-2,337364;-2,856746;-2,87577;-2,149655;-2,350513;-3,051654;-2,398043;-1,974355;-1,898469;-3,446562;-3,093241;-2,972603;-3,127754;-2,704615;-2,626068;-2,752508;-3,172998;-2,973329;-2,696645;-2,318849;-3,021413;-2,962109;-3,569886;-3,521007;-3,476059;-2,517478
-2,662981;-2,733614;-3,309443;-2,743833;-3,003496;-2,897148;-4,25347;-2,730074;-2,191538;-2,577186;-3,093842;-3,141507;-2,337202;-2,593691;-3,283114;-2,681046;-2,229311;-2,163899;-3,66328;-3,339228;-3,220388;-3,36708;-2,926241;-2,875222;-2,966917;-3,404025;-3,224024;-2,923722;-2,537796;-3,279689;-3,194136;-3,79617;-3,733446;-3,704684;-2,781411
-2,883955;-2,956231;-3,514163;-2,972981;-3,217147;-3,104486;-4,441025;-2,966617;-2,462052;-2,801867;-3,339824;-3,356747;-2,521953;-2,821917;-3,496743;-2,936295;-2,448411;-2,429127;-3,885146;-3,539866;-3,45048;-3,57246;-3,134268;-3,116527;-3,177732;-3,639678;-3,478269;-3,150015;-2,770719;-3,502555;-3,433734;-3,985748;-3,915967;-3,899246;-3,026022
-3,079033;-3,179264;-3,715525;-3,204327;-3,369745;-3,294154;-4,587049;-3,165863;-2,741531;-2,992841;-3,548757;-3,509289;-2,743984;-3,028856;-3,694402;-3,15811;-2,687707;-2,698965;-4,092934;-3,742191;-3,662896;-3,767647;-3,345376;-3,335688;-3,383162;-3,855113;-3,706422;-3,365418;-3,023829;-3,708481;-3,664762;-4,178534;-4,085691;-4,086604;-3,243756
-3,2823;-3,388691;-3,904448;-3,39074;-3,47117;-3,504564;-4,725274;-3,362558;-2,972853;-3,194489;-3,748377;-3,685242;-2,956675;-3,230022;-3,893947;-3,355684;-2,914937;-2,947339;-4,248609;-3,904973;-3,849456;-3,960969;-3,534063;-3,542178;-3,55038;-4,057054;-3,927125;-3,554075;-3,262451;-3,902754;-3,892837;-4,341445;-4,246131;-4,237504;-3,439774
-3,464626;-3,553489;-4,021905;-3,547816;-3,553607;-3,656913;-4,81806;-3,539491;-3,182185;-3,371241;-3,911067;-3,848027;-3,186073;-3,401773;-4,085388;-3,521565;-3,143504;-3,163536;-4,394964;-4,043135;-4,02841;-4,113069;-3,728717;-3,724587;-3,707764;-4,230413;-4,121439;-3,743365;-3,45531;-4,07535;-4,077721;-4,4933;-4,363408;-4,40358;-3,604403
-3,646177;-3,691786;-4,128885;-3,723029;-3,638363;-3,801021;-4,858431;-3,675935;-3,349144;-3,553461;-4,061749;-3,978759;-3,370569;-3,55492;-4,240384;-3,672351;-3,32823;-3,360824;-4,49364;-4,141499;-4,190668;-4,239347;-3,885153;-3,883685;-3,848008;-4,35759;-4,289847;-3,921765;-3,639048;-4,217736;-4,238839;-4,594489;-4,456708;-4,500954;-3,746916
-3,794734;-3,836773;-4,230287;-3,870855;-3,705412;-3,93806;-4,83134;-3,807087;-3,504133;-3,706303;-4,166455;-4,095055;-3,540603;-3,711206;-4,360507;-3,829531;-3,512375;-3,540604;-4,602011;-4,2201;-4,331599;-4,348508;-4,024624;-4,011598;-3,948596;-4,456273;-4,434944;-4,078485;-3,782631;-4,36761;-4,362547;-4,619289;-4,498409;-4,561142;-3,878438
-3,916631;-3,934954;-4,285137;-3,980257;-3,764278;-4,035989;-4,743369;-3,908426;-3,618305;-3,847113;-4,239067;-4,165124;-3,655966;-3,829604;-4,436924;-3,955194;-3,654763;-3,709759;-4,671843;-4,264175;-4,419858;-4,405796;-4,104614;-4,120492;-4,037328;-4,514777;-4,54537;-4,190404;-3,909954;-4,457068;-4,471106;-4,633075;-4,504035;-4,611178;-3,998054
-4,005075;-4,016362;-4,28513;-4,062604;-3,777913;-4,098047;-4,630549;-3,996824;-3,716071;-3,945821;-4,283133;-4,195172;-3,750754;-3,924268;-4,492864;-4,047449;-3,785176;-3,83863;-4,689781;-4,287769;-4,468283;-4,415345;-4,154041;-4,203407;-4,108351;-4,563113;-4,622099;-4,266595;-3,990093;-4,501385;-4,536898;-4,61825;-4,457067;-4,60764;-4,079118
-4,031296;-4,06371;-4,250834;-4,107965;-3,714596;-4,08138;-4,412366;-4,046784;-3,797839;-4,020624;-4,280261;-4,163854;-3,809423;-3,977665;-4,481377;-4,09997;-3,866521;-3,957728;-4,662066;-4,273049;-4,468414;-4,351894;-4,164906;-4,24006;-4,111176;-4,557587;-4,640618;-4,303495;-4,054084;-4,499443;-4,578218;-4,545303;-4,36483;-4,534893;-4,122749
-4,027823;-4,059653;-4,087471;-4,105691;-3,567713;-4,043009;-4,129357;-4,054922;-3,847413;-4,050302;-4,224792;-4,054237;-3,871813;-3,966446;-4,424759;-4,097715;-3,932182;-4,028972;-4,525515;-4,199912;-4,406094;-4,210183;-4,142521;-4,220409;-4,043082;-4,465892;-4,608008;-4,304037;-4,084222;-4,451902;-4,577358;-4,368922;-4,185585;-4,383288;-4,126963
-3,958705;-4,016854;-3,927182;-3,996166;-3,38711;-3,959997;-3,959724;-3,964692;-3,855677;-4,009046;-4,070711;-3,875933;-3,861589;-3,890088;-4,251206;-4,032329;-3,941611;-4,03222;-4,257545;-4,0481;-4,224406;-3,996804;-4,06939;-4,141541;-3,898246;-4,246252;-4,459421;-4,252722;-4,072272;-4,293582;-4,490957;-4,095765;-3,898956;-4,128839;-4,029004
-3,831296;-3,843107;-3,854022;-3,837601;-3,264394;-3,797599;-3,869073;-3,757115;-3,762926;-3,905739;-3,891217;-3,703696;-3,744452;-3,767437;-4,06202;-3,877127;-3,860377;-3,961796;-4,070859;-3,803254;-4,034874;-3,877176;-3,864984;-3,945918;-3,714899;-4,090655;-4,215668;-4,120244;-3,981859;-4,089231;-4,260455;-3,964547;-3,768294;-4,01066;-3,816832
-3,649067;-3,651515;-3,829845;-3,793278;-3,174899;-3,6147;-3,81462;-3,653375;-3,636297;-3,762929;-3,822414;-3,629258;-3,587638;-3,582519;-3,994283;-3,696255;-3,715308;-3,816515;-4,002966;-3,686188;-3,969431;-3,83109;-3,78336;-3,851183;-3,649682;-4,031271;-4,11246;-3,910258;-3,795405;-4,007661;-4,159701;-3,911029;-3,701145;-3,950486;-3,713935
-3,577239;-3,600605;-3,80652;-3,79017;-3,110453;-3,538119;-3,772679;-3,622859;-3,600793;-3,704507;-3,798767;-3,589324;-3,552642;-3,502072;-3,960939;-3,654235;-3,661887;-3,731914;-3,975408;-3,61714;-3,945954;-3,796809;-3,763761;-3,813653;-3,622097;-4,005477;-4,075469;-3,84136;-3,723207;-3,97432;-4,105546;-3,872781;-3,657516;-3,919336;-3,695479
-3,55187;-3,594569;-3,800514;-3,781537;-3,05854;-3,515831;-3,714744;-3,604;-3,591132;-3,686025;-3,788763;-3,562453;-3,560689;-3,487652;-3,948394;-3,650563;-3,654736;-3,724334;-3,937878;-3,571647;-3,922591;-3,77569;-3,747546;-3,798447;-3,615618;-3,995438;-4,064884;-3,819452;-3,706875;-3,956929;-4,088621;-3,84214;-3,617429;-3,894186;-3,695695
-3,533891;-3,584735;-3,773709;-3,78894;-3,00909;-3,506063;-3,662375;-3,608343;-3,59305;-3,684461;-3,778789;-3,543988;-3,573824;-3,471395;-3,937657;-3,654867;-3,65485;-3,744905;-3,901983;-3,543203;-3,910548;-3,754037;-3,731413;-3,790852;-3,608551;-3,968432;-4,058059;-3,81486;-3,711038;-3,951229;-4,06808;-3,808612;-3,578617;-3,85087;-3,690148
-3,518291;-3,57131;-3,752146;-3,805925;-2,951943;-3,48166;-3,605487;-3,60936;-3,593036;-3,683932;-3,77225;-3,520121;-3,588781;-3,461938;-3,921335;-3,657821;-3,673251;-3,752031;-3,881511;-3,507905;-3,894531;-3,700553;-3,724859;-3,777341;-3,597131;-3,969388;-4,056001;-3,796713;-3,711146;-3,92875;-4,063746;-3,77236;-3,534463;-3,818842;-3,688346
-3,500597;-3,560023;-3,709555;-3,795695;-2,895993;-3,453159;-3,528339;-3,60501;-3,587504;-3,669679;-3,748998;-3,498875;-3,581165;-3,44225;-3,887356;-3,649654;-3,680295;-3,771868;-3,839455;-3,46664;-3,884296;-3,651765;-3,712253;-3,763597;-3,590812;-3,946883;-4,033248;-3,800046;-3,703703;-3,909055;-4,04026;-3,727073;-3,477526;-3,771193;-3,683839
-3,485572;-3,523921;-3,652078;-3,789508;-2,815488;-3,409916;-3,453032;-3,58668;-3,581139;-3,662761;-3,713459;-3,457973;-3,567691;-3,399381;-3,860957;-3,62235;-3,671867;-3,771438;-3,798902;-3,429211;-3,840197;-3,580771;-3,677631;-3,734985;-3,581744;-3,913252;-4,010213;-3,769915;-3,706784;-3,885143;-4,017989;-3,672449;-3,426756;-3,713427;-3,66922
-3,432741;-3,492983;-3,592437;-3,758207;-2,727786;-3,357259;-3,3612;-3,561473;-3,551259;-3,624902;-3,683029;-3,403137;-3,532504;-3,35809;-3,81432;-3,584941;-3,659848;-3,76965;-3,74973;-3,377902;-3,794939;-3,506442;-3,638694;-3,692784;-3,551138;-3,863339;-3,979948;-3,749163;-3,685702;-3,845311;-3,977857;-3,608915;-3,350689;-3,64369;-3,649517
-3,391639;-3,451922;-3,522921;-3,724582;-2,631874;-3,286623;-3,27087;-3,52773;-3,510739;-3,583626;-3,623989;-3,319006;-3,494838;-3,299741;-3,757229;-3,542974;-3,61808;-3,75132;-3,679562;-3,305193;-3,739686;-3,411299;-3,594527;-3,631395;-3,510065;-3,798818;-3,937109;-3,705201;-3,667489;-3,803347;-3,932386;-3,520158;-3,279744;-3,583454;-3,612802
-3,323033;-3,392343;-3,407645;-3,676101;-2,526569;-3,223422;-3,162642;-3,474089;-3,460305;-3,533124;-3,529692;-3,235535;-3,437912;-3,236718;-3,687343;-3,478629;-3,572201;-3,719706;-3,61533;-3,230519;-3,668187;-3,297286;-3,514157;-3,571839;-3,461119;-3,718537;-3,875932;-3,66196;-3,626158;-3,727135;-3,858352;-3,427321;-3,162875;-3,494565;-3,563581
-3,259203;-3,308635;-3,309744;-3,600794;-2,413036;-3,136519;-3,043964;-3,406714;-3,38244;-3,463731;-3,43819;-3,131326;-3,368074;-3,142046;-3,609576;-3,401175;-3,503826;-3,669699;-3,524275;-3,135264;-3,592531;-3,169133;-3,414557;-3,481858;-3,401706;-3,624491;-3,795207;-3,59858;-3,561922;-3,654444;-3,793268;-3,328239;-3,053253;-3,40263;-3,487235
-3,166467;-3,226128;-3,167577;-3,518891;-2,278867;-3,028732;-2,901298;-3,342613;-3,277661;-3,377561;-3,334129;-3,021821;-3,277165;-3,048031;-3,488377;-3,301527;-3,424117;-3,602146;-3,411507;-3,032418;-3,479786;-3,037137;-3,308655;-3,383483;-3,307427;-3,520953;-3,698998;-3,512589;-3,495421;-3,537385;-3,705059;-3,226427;-2,934119;-3,300275;-3,409598
-3,062051;-3,117941;-3,032626;-3,415476;-2,148184;-2,904853;-2,75848;-3,220147;-3,17116;-3,268193;-3,212018;-2,886755;-3,18015;-2,92191;-3,368684;-3,182375;-3,319555;-3,499604;-3,300843;-2,922831;-3,34701;-2,890149;-3,193981;-3,255105;-3,219565;-3,401324;-3,58593;-3,404358;-3,406943;-3,411654;-3,608396;-3,116064;-2,806608;-3,183601;-3,331085
-2,945561;-3,005396;-2,875076;-3,288001;-1,980587;-2,771841;-2,568987;-3,11062;-3,047643;-3,149678;-3,082431;-2,739441;-3,063911;-2,782626;-3,238137;-3,050879;-3,202211;-3,398078;-3,147429;-2,787083;-3,228665;-2,717916;-3,054994;-3,126978;-3,110542;-3,260148;-3,45693;-3,28133;-3,300455;-3,271884;-3,480711;-2,967779;-2,67168;-3,019424;-3,220176
-2,806084;-2,839907;-2,709008;-3,151722;-1,812361;-2,625428;-2,394961;-2,96506;-2,909472;-3,028669;-2,919339;-2,584825;-2,922227;-2,611536;-3,082625;-2,902523;-3,044523;-3,27751;-2,959052;-2,635708;-3,076479;-2,529622;-2,895871;-2,980824;-2,95078;-3,094193;-3,325408;-3,1653;-3,185853;-3,126384;-3,332496;-2,799786;-2,516425;-2,857863;-3,070862
-2,628413;-2,651035;-2,502965;-2,994091;-1,620238;-2,460915;-2,167166;-2,796125;-2,741771;-2,846137;-2,739922;-2,386908;-2,776351;-2,472616;-2,886319;-2,729989;-2,882854;-3,123551;-2,774729;-2,473689;-2,89218;-2,318681;-2,716789;-2,813973;-2,762371;-2,913186;-3,152181;-3,021385;-3,043036;-2,947962;-3,166932;-2,595216;-2,33291;-2,65856;-2,90052
-2,419435;-2,459115;-2,265131;-2,808468;-1,413291;-2,264866;-1,900021;-2,594567;-2,553579;-2,641581;-2,519732;-2,196567;-2,574074;-2,296746;-2,672534;-2,544408;-2,705213;-2,94554;-2,560298;-2,278446;-2,678964;-2,051285;-2,501945;-2,608579;-2,556134;-2,686288;-2,950583;-2,852116;-2,870083;-2,739683;-2,937013;-2,379475;-2,101255;-2,457912;-2,728193
-2,213879;-2,239997;-1,974734;-2,590572;-1,185589;-2,035672;-1,660265;-2,348202;-2,351531;-2,433726;-2,252705;-1,940843;-2,342565;-2,066826;-2,419608;-2,322108;-2,479945;-2,746397;-2,277978;-2,032325;-2,437894;-1,741202;-2,250595;-2,388323;-2,316213;-2,433384;-2,714112;-2,65066;-2,663159;-2,498705;-2,698224;-2,090344;-1,823755;-2,1875;-2,506238
-1,968841;-1,989095;-1,677439;-2,312736;-0,9678761;-1,77631;-1,464882;-2,074035;-2,11241;-2,19103;-1,893903;-1,641422;-2,096018;-1,851934;-2,079808;-2,029691;-2,237351;-2,496687;-2,012394;-1,720659;-2,126503;-1,459646;-1,961745;-2,125547;-2,016972;-2,097985;-2,429711;-2,359979;-2,420238;-2,195846;-2,42146;-1,79931;-1,579295;-1,908131;-2,208713
-1,672191;-1,697634;-1,432821;-2,006407;-0,7836127;-1,50294;-1,27092;-1,786599;-1,819284;-1,882638;-1,586963;-1,393644;-1,795144;-1,575137;-1,792341;-1,686164;-1,963328;-2,200742;-1,761133;-1,493304;-1,83691;-1,228878;-1,680909;-1,798825;-1,760784;-1,809147;-2,097259;-1,986554;-2,076414;-1,909045;-2,091827;-1,571277;-1,367884;-1,690754;-1,888764
-1,429923;-1,455209;-1,19475;-1,70368;-0,6057833;-1,271199;-1,079382;-1,554739;-1,52822;-1,593894;-1,379215;-1,179502;-1,50493;-1,326308;-1,559602;-1,409111;-1,655831;-1,881608;-1,519668;-1,303881;-1,589736;-1,009915;-1,440747;-1,541224;-1,542045;-1,517861;-1,829386;-1,714299;-1,811765;-1,667133;-1,81943;-1,372943;-1,161102;-1,473219;-1,632115
-1,227986;-1,23477;-0,9255739;-1,453429;-0,4456108;-1,024326;-0,8587233;-1,324665;-1,249583;-1,343972;-1,152753;-0,9590322;-1,246886;-1,09706;-1,325642;-1,165187;-1,391887;-1,6062;-1,305311;-1,097106;-1,363258;-0,7844271;-1,221217;-1,311353;-1,33547;-1,259149;-1,588707;-1,471911;-1,574916;-1,429939;-1,575757;-1,164237;-0,973847;-1,245781;-1,394825
-1,031786;-1,022997;-0,683011;-1,20447;-0,2889464;-0,80098;-0,636083;-1,132251;-0,9779599;-1,111067;-0,8877697;-0,7363994;-0,9973007;-0,8587034;-1,051981;-0,9158174;-1,136565;-1,354262;-1,086772;-0,898132;-1,097429;-0,5774162;-0,9811175;-1,084607;-1,125672;-1,049086;-1,343884;-1,241048;-1,312193;-1,196953;-1,333816;-0,9576497;-0,8011731;-1,035183;-1,179653
-0,798654;-0,8070064;-0,4404671;-0,9285179;-0,1183425;-0,5871769;-0,4253131;-0,9022462;-0,7372646;-0,8742939;-0,6516531;-0,5089547;-0,7502583;-0,631587;-0,7792612;-0,6897796;-0,8797958;-1,095115;-0,8618739;-0,6923387;-0,8366115;-0,3488034;-0,7236546;-0,8428686;-0,9156176;-0,8135747;-1,097911;-1,010132;-1,08095;-0,9537646;-1,089208;-0,7164637;-0,5967408;-0,8134895;-0,9476144
-0,5651296;-0,5746918;-0,1601559;-0,6464056;0,04664654;-0,3375637;-0,2209187;-0,6363444;-0,4957113;-0,6422731;-0,4065296;-0,2918245;-0,4941193;-0,4027531;-0,5197506;-0,4532841;-0,6277834;-0,8398591;-0,617897;-0,4903871;-0,5797157;-0,1206068;-0,4474913;-0,611274;-0,6885046;-0,5321968;-0,8449119;-0,7811148;-0,8416598;-0,6853287;-0,8360225;-0,4986084;-0,3937792;-0,5748206;-0,7186536
-0,3448921;-0,3333899;0,09269193;-0,3899522;0,2173918;-0,09796959;-0,005694777;-0,3806891;-0,235433;-0,410699;-0,149488;-0,04851522;-0,2386826;-0,1797915;-0,2588881;-0,1891128;-0,3664723;-0,5715818;-0,3739765;-0,2739045;-0,3251119;0,09587762;-0,2072242;-0,3645241;-0,4456325;-0,2758621;-0,5494774;-0,5324689;-0,6056705;-0,394889;-0,5891389;-0,293645;-0,1885888;-0,3481707;-0,480427
-0,1213744;-0,09271666;0,3567589;-0,1302254;0,4052884;0,1473045;0,2138759;-0,1141125;0,02227664;-0,1531904;0,1186887;0,2309852;0,0175612;0,04974145;-0,00209707;0,06929743;-0,1131057;-0,2863192;-0,1278647;-0,05576109;-0,05512217;0,3403612;0,04627809;-0,09800464;-0,1945212;-0,0124653;-0,2867253;-0,2803307;-0,355687;-0,1539442;-0,3408326;-0,04167593;0,05167106;-0,1049804;-0,2289377
0,1135754;0,166596;0,6264958;0,1414918;0,570705;0,3800515;0,4466855;0,1576184;0,2774715;0,09924912;0,3899923;0,4738667;0,2690866;0,2683341;0,2530113;0,334864;0,1735101;-0,009379864;0,1284148;0,1608014;0,2098873;0,5809501;0,3028049;0,1529504;0,06895693;0,2606049;-0,0150056;-0,02608442;-0,1071937;0,08723442;-0,07573304;0,2233362;0,3049388;0,157989;0,02944973
0,3522914;0,4293864;0,8958898;0,4093103;0,7632101;0,6138753;0,6787205;0,4270832;0,5361804;0,3767313;0,6588613;0,7201664;0,5412259;0,5139218;0,5200181;0,5983969;0,4356526;0,2930123;0,381638;0,402438;0,4799663;0,809379;0,56279;0,4486161;0,3407184;0,5521327;0,3066644;0,2331159;0,1540765;0,3557691;0,1859365;0,4891879;0,5685934;0,430526;0,2979823
0,6381969;0,6859659;1,150228;0,6773853;0,9508277;0,8586185;0,9248514;0,6921461;0,7912117;0,6467966;0,9385861;0,9429476;0,8149544;0,7705567;0,7985435;0,8678486;0,7092348;0,5982261;0,6571364;0,6581174;0,7542125;1,033262;0,8424821;0,7614918;0,6000485;0,8313138;0,599788;0,4986084;0,4185238;0,6337598;0,4797153;0,743538;0,8117031;0,6926892;0,5795405
0,9238327;0,9427027;1,405205;0,9615958;1,122542;1,095592;1,167247;0,951143;1,061777;0,9453104;1,212186;1,191136;1,081951;1,037683;1,072893;1,142566;1,008392;0,9180804;0,915679;0,8943734;1,036893;1,252423;1,124352;1,035642;0,89221;1,135421;0,8922161;0,7608436;0,6932799;0,9133893;0,7659351;1,005455;1,052596;0,9456037;0,8527744
1,179266;1,217271;1,674471;1,262264;1,29818;1,329224;1,410664;1,223536;1,33819;1,239203;1,491058;1,457757;1,366159;1,303352;1,358458;1,404201;1,313791;1,197395;1,192833;1,128175;1,322057;1,486185;1,395321;1,297469;1,16125;1,409397;1,18395;1,060588;0,9932743;1,242158;1,075161;1,294134;1,302578;1,209744;1,167091
1,426381;1,52116;1,935612;1,548526;1,459659;1,57004;1,643399;1,487399;1,597198;1,486707;1,756877;1,719934;1,664457;1,532819;1,641475;1,671081;1,613129;1,494993;1,457954;1,368655;1,622913;1,675579;1,667431;1,585509;1,432752;1,697886;1,471735;1,346244;1,279927;1,521491;1,364325;1,55618;1,544126;1,482199;1,476349
1,639662;1,815325;2,196578;1,843705;1,637409;1,798063;1,891292;1,761603;1,86413;1,749276;2,06461;1,997904;1,945386;1,769749;1,93723;1,924417;1,90991;1,797395;1,737448;1,615918;1,899014;1,882823;1,93027;1,859079;1,745461;1,986993;1,765427;1,629985;1,558385;1,797325;1,648742;1,824764;1,795292;1,729807;1,764773
1,874305;2,066802;2,46356;2,124282;1,816634;2,034814;2,122434;2,044752;2,141667;2,014693;2,341114;2,255027;2,204084;2,012951;2,22897;2,215755;2,192289;2,101157;2,010876;1,915941;2,183477;2,112731;2,197892;2,113602;2,028687;2,263577;2,052699;1,953952;1,83946;2,076382;1,988443;2,093459;2,049893;2,008052;2,038142
2,135969;2,341496;2,730655;2,406704;1,953963;2,245862;2,353189;2,348804;2,397492;2,284941;2,579291;2,499492;2,523587;2,250692;2,498653;2,512293;2,448119;2,388234;2,303099;2,163453;2,465663;2,323097;2,46556;2,377922;2,314712;2,550076;2,347402;2,197078;2,12346;2,348352;2,269897;2,352606;2,295085;2,268143;2,321758
2,382452;2,593317;2,960636;2,669237;2,093977;2,458888;2,579594;2,665859;2,639837;2,546348;2,859095;2,709575;2,777025;2,468606;2,775574;2,752885;2,698433;2,676157;2,584518;2,415129;2,718841;2,496582;2,701497;2,622447;2,577259;2,848216;2,618379;2,456907;2,402296;2,618221;2,54505;2,602322;2,527193;2,533528;2,580335
2,620937;2,838359;3,198841;2,916078;2,219171;2,705094;2,820246;2,912553;2,856053;2,783973;3,119248;2,912202;3,027393;2,710797;3,028617;3,000434;2,928503;2,917593;2,846583;2,685787;2,987821;2,671823;2,951726;2,864676;2,846149;3,101687;2,904987;2,729749;2,668739;2,882854;2,825335;2,855467;2,762585;2,797635;2,844962
2,841855;3,067742;3,419672;3,179055;2,335046;2,937727;3,032499;3,148973;3,083746;3,002853;3,345521;3,147225;3,247255;2,918631;3,282619;3,217817;3,179719;3,185992;3,103215;2,90857;3,221273;2,829475;3,194113;3,104227;3,082161;3,317558;3,170328;2,973309;2,987587;3,142934;3,090651;3,133277;2,972809;3,06363;3,112664
3,04317;3,273886;3,632408;3,424247;2,438788;3,131479;3,230921;3,389973;3,287991;3,208795;3,572706;3,348481;3,4561;3,105579;3,548943;3,432472;3,414768;3,419003;3,334987;3,122018;3,504128;2,95988;3,405595;3,320774;3,333755;3,584054;3,437942;3,250146;3,273189;3,382255;3,339065;3,384135;3,194255;3,332527;3,355527
3,248074;3,457166;3,859212;3,620104;2,542744;3,311405;3,401937;3,60722;3,463491;3,432882;3,768752;3,54353;3,625402;3,275579;3,78542;3,59721;3,610384;3,684399;3,551477;3,323667;3,727653;3,078132;3,61886;3,531428;3,573961;3,804777;3,660812;3,473847;3,511937;3,6145;3,576689;3,602914;3,394535;3,55636;3,590521
3,428795;3,658058;4,026362;3,842081;2,650025;3,464276;3,564285;3,812772;3,6485;3,60524;3,955932;3,741306;3,818742;3,428698;3,992553;3,777139;3,803047;3,890527;3,761568;3,524891;3,943952;3,203177;3,828471;3,770474;3,788373;4,015525;3,906662;3,703745;3,733745;3,817882;3,78587;3,795102;3,58168;3,748197;3,792032
3,58476;3,835151;4,162463;4,061016;2,706637;3,605372;3,727615;4,005224;3,784612;3,78163;4,12156;3,899395;3,975328;3,555474;4,180089;3,930264;3,957831;4,085661;3,94075;3,693953;4,153502;3,286719;4,012534;3,951324;3,972513;4,204828;4,117163;3,897922;3,933807;4,010933;3,994289;3,975063;3,751906;3,936096;3,994319
3,726132;4,005921;4,286908;4,212184;2,783333;3,724886;3,842715;4,179183;3,91129;3,925469;4,27011;4,015844;4,1195;3,691309;4,321374;4,061259;4,103243;4,24027;4,105018;3,867762;4,33205;3,356604;4,154227;4,09717;4,157281;4,370261;4,290782;4,091081;4,125477;4,206128;4,199237;4,144888;3,898183;4,101202;4,168531
3,857232;4,134585;4,375138;4,349998;2,835705;3,827027;3,950351;4,32244;3,975935;4,071509;4,379111;4,110472;4,258948;3,811358;4,463346;4,197431;4,258247;4,389051;4,263453;4,012559;4,449544;3,397252;4,295658;4,217658;4,302957;4,511579;4,47401;4,248633;4,299079;4,371016;4,363864;4,283778;4,043242;4,253449;4,326794
3,961393;4,26877;4,445432;4,434109;2,862173;3,9031;4,034016;4,441989;4,049679;4,161278;4,484856;4,200293;4,357149;3,913256;4,57319;4,278865;4,349645;4,509329;4,392138;4,130372;4,573377;3,418701;4,393432;4,342216;4,436411;4,618242;4,616185;4,384906;4,456264;4,494802;4,491456;4,403946;4,160311;4,368115;4,452472
4,066486;4,356098;4,484136;4,516481;2,872738;3,971376;4,088447;4,534734;4,107795;4,24248;4,556561;4,261892;4,431854;3,97335;4,650328;4,363661;4,456624;4,623343;4,491026;4,223928;4,653286;3,417773;4,47106;4,427376;4,564157;4,706046;4,733766;4,505943;4,568716;4,596018;4,623651;4,495913;4,23696;4,462456;4,554593
4,133654;4,412413;4,495307;4,580648;2,859376;4,0119;4,103746;4,607763;4,148807;4,296464;4,604492;4,30356;4,464083;4,024389;4,724158;4,39156;4,499917;4,720118;4,554239;4,304482;4,723696;3,394166;4,525239;4,503196;4,651816;4,753357;4,830118;4,595869;4,658659;4,665231;4,703377;4,553208;4,285369;4,532577;4,644962
4,167608;4,436962;4,46363;4,629497;2,845192;4,040495;4,088524;4,654854;4,170652;4,329618;4,60784;4,316266;4,484622;4,05051;4,747226;4,422585;4,522581;4,748139;4,591749;4,348409;4,765095;3,354248;4,535446;4,538699;4,696817;4,776105;4,880214;4,661713;4,711846;4,694857;4,765337;4,57612;4,295184;4,555465;4,703837
4,145814;4,439535;4,384431;4,610178;2,778572;4,02142;4,034763;4,664367;4,148985;4,341811;4,595032;4,299239;4,460294;4,031105;4,746394;4,377234;4,520971;4,767791;4,595781;4,366202;4,759786;3,275875;4,52031;4,537592;4,705336;4,755133;4,894708;4,690108;4,766755;4,69719;4,785725;4,556388;4,27804;4,541301;4,709839
4,115417;4,403785;4,256052;4,559654;2,693344;3,961702;3,895768;4,623296;4,117956;4,311864;4,50125;4,246075;4,420403;3,982686;4,69037;4,313865;4,472448;4,72614;4,550469;4,335317;4,707749;3,17844;4,44545;4,496854;4,655199;4,705568;4,854463;4,688336;4,769336;4,664236;4,768093;4,479424;4,192854;4,486695;4,652745
4,037971;4,312042;3,99356;4,446613;2,552327;3,846845;3,664477;4,52159;4,021364;4,225054;4,356714;4,105755;4,310254;3,899566;4,573395;4,191379;4,370234;4,646868;4,430591;4,243669;4,584464;2,995893;4,336677;4,40594;4,548523;4,536445;4,779835;4,624811;4,736393;4,565388;4,708222;4,330077;4,026866;4,341023;4,557104
3,904133;4,116195;3,762718;4,247706;2,355033;3,677927;3,551761;4,370018;3,870156;4,08118;4,108987;3,847881;4,114627;3,763794;4,353177;4,010157;4,213439;4,531504;4,154746;4,032824;4,348306;2,710657;4,14032;4,237537;4,350466;4,237384;4,611082;4,496799;4,647208;4,360988;4,528299;4,038504;3,805304;4,081457;4,36902
3,681445;3,835609;3,633846;3,970444;2,236851;3,443039;3,49933;4,093044;3,586582;3,833333;3,840167;3,634006;3,847198;3,527877;4,077814;3,706633;3,979239;4,334414;3,953689;3,811074;4,071415;2,537832;3,864662;3,941823;4,070586;4,006559;4,304223;4,271593;4,43699;4,074289;4,254137;3,907592;3,704133;3,946566;4,08361
3,43779;3,656094;3,564826;3,83637;2,163628;3,255751;3,475207;3,887796;3,310303;3,588521;3,723339;3,536197;3,603133;3,278294;3,942656;3,496539;3,690373;4,016516;3,869423;3,698808;3,948573;2,445749;3,724629;3,749604;3,933453;3,901817;4,104333;4,021096;4,165513;3,946708;4,046985;3,850741;3,660321;3,890011;3,914129
3,314831;3,559996;3,51842;3,741807;2,107906;3,144057;3,465872;3,782495;3,153665;3,457039;3,648937;3,474673;3,470018;3,144037;3,853021;3,387283;3,508294;3,78392;3,81597;3,636991;3,885444;2,381874;3,62867;3,6396;3,881028;3,840101;4,007232;3,910125;4,017033;3,876967;3,953001;3,818829;3,640154;3,846727;3,829712
3,242089;3,503461;3,476461;3,678402;2,070495;3,070017;3,451312;3,732151;3,063632;3,371983;3,594797;3,426767;3,379731;3,059763;3,803718;3,299374;3,409288;3,665758;3,779985;3,613237;3,82793;2,329948;3,572153;3,574556;3,832795;3,799181;3,949246;3,852261;3,931707;3,818544;3,897641;3,801797;3,618468;3,814835;3,76738
3,190318;3,443948;3,450126;3,629295;2,032822;3,019041;3,440088;3,682539;2,993819;3,311841;3,558084;3,386393;3,306894;3,000989;3,76508;3,241593;3,329169;3,580167;3,753975;3,577465;3,777444;2,285685;3,523369;3,515759;3,803327;3,764001;3,895158;3,800929;3,891688;3,774139;3,861227;3,782393;3,6111;3,794528;3,711395
3,153772;3,411832;3,427876;3,584577;2,007921;2,998802;3,427548;3,65322;2,935184;3,273617;3,51715;3,357121;3,246349;2,952496;3,727561;3,193698;3,254315;3,517819;3,727946;3,569434;3,731409;2,243301;3,487062;3,471341;3,784801;3,730483;3,85786;3,776692;3,859838;3,745647;3,834999;3,763882;3,59658;3,784601;3,680763
3,11829;3,369263;3,406204;3,547438;1,984311;2,960804;3,411623;3,602223;2,874547;3,219412;3,477499;3,32348;3,203356;2,919139;3,695441;3,158464;3,201325;3,453888;3,705416;3,544147;3,707468;2,214534;3,444285;3,427716;3,763988;3,701527;3,817731;3,72912;3,815987;3,720427;3,804118;3,749803;3,585635;3,766958;3,641037
3,10286;3,334319;3,371285;3,506464;1,963748;2,931624;3,387749;3,566559;2,821335;3,164883;3,446749;3,291677;3,167448;2,884577;3,655862;3,116279;3,139734;3,399947;3,685004;3,526513;3,674145;2,195925;3,399976;3,402878;3,731645;3,675754;3,788952;3,702545;3,783001;3,684774;3,774806;3,743289;3,571009;3,747479;3,611131
3,070451;3,293848;3,333214;3,478465;1,950155;2,899582;3,364594;3,529618;2,774517;3,114407;3,413314;3,245131;3,12874;2,863315;3,621947;3,088894;3,107689;3,349631;3,657152;3,50117;3,644922;2,174925;3,358714;3,371385;3,690795;3,642881;3,765924;3,661737;3,739258;3,642261;3,738963;3,719869;3,533568;3,72072;3,589968
3,048822;3,258712;3,307683;3,432829;1,934556;2,877103;3,333995;3,477533;2,729336;3,08153;3,369184;3,218435;3,100363;2,835322;3,577825;3,056172;3,068612;3,31531;3,628703;3,478878;3,608844;2,135901;3,324207;3,327368;3,651439;3,604169;3,738039;3,620852;3,694717;3,608681;3,700298;3,69443;3,505796;3,682354;3,553577
3,010628;3,223818;3,262175;3,385488;1,928491;2,847485;3,284618;3,443247;2,690236;3,045382;3,335909;3,18728;3,047216;2,806644;3,532337;3,017353;3,023377;3,253211;3,575336;3,443277;3,55953;2,11441;3,283868;3,287886;3,611139;3,549638;3,693778;3,564547;3,662706;3,561736;3,666596;3,664292;3,480321;3,642199;3,500189
2,972435;3,193643;3,212656;3,332557;1,921226;2,801806;3,233093;3,391851;2,667168;2,991813;3,276195;3,143542;3,00322;2,779093;3,485083;2,980082;2,979322;3,206574;3,517256;3,404651;3,518335;2,096223;3,246373;3,253967;3,54341;3,498944;3,658954;3,521903;3,609329;3,520686;3,625388;3,610531;3,422045;3,588917;3,454725
2,9365;3,137241;3,174355;3,280566;1,918856;2,770074;3,159152;3,3379;2,639366;2,941482;3,22482;3,125068;2,94636;2,748477;3,417372;2,927143;2,929461;3,146825;3,445825;3,356148;3,454312;2,08876;3,195663;3,211181;3,485932;3,445328;3,592412;3,473948;3,561292;3,461166;3,579339;3,552336;3,367588;3,535411;3,391352
2,891159;3,080764;3,107007;3,229987;1,898531;2,730999;3,088079;3,249534;2,60602;2,895042;3,153457;3,061882;2,89601;2,715444;3,35742;2,868729;2,870666;3,093102;3,376872;3,275407;3,389105;2,065664;3,137292;3,152603;3,41463;3,380397;3,523334;3,407718;3,501365;3,397781;3,509619;3,491816;3,306427;3,459549;3,320904
2,851451;3,042057;3,058681;3,15147;1,881721;2,672534;2,991455;3,169611;2,560602;2,846625;3,071066;3,004566;2,849328;2,687503;3,279723;2,824554;2,818008;3,029949;3,291432;3,195285;3,312881;2,034134;3,050094;3,106115;3,329871;3,309624;3,448449;3,328769;3,420526;3,315275;3,429128;3,413967;3,22411;3,371823;3,24958
2,79358;2,96164;2,99262;3,06987;1,862543;2,610781;2,89809;3,090907;2,506483;2,787337;2,994511;2,916636;2,799005;2,649946;3,173324;2,777941;2,768958;2,981444;3,201832;3,119627;3,221518;2,012721;2,976254;3,036161;3,22054;3,225364;3,372387;3,224931;3,343223;3,230347;3,357181;3,325159;3,127221;3,272177;3,155476
2,7471;2,893633;2,905971;2,986772;1,837161;2,542589;2,776324;2,967441;2,4463;2,716156;2,890776;2,842242;2,737088;2,610143;3,076759;2,722995;2,706584;2,911528;3,076416;3,015738;3,118498;1,970963;2,892712;2,95843;3,111762;3,123688;3,285145;3,127567;3,241864;3,1272;3,264473;3,212878;3,013269;3,146205;3,055906
2,684293;2,800258;2,808591;2,884378;1,802465;2,464196;2,618117;2,87161;2,386394;2,654178;2,779249;2,758777;2,667747;2,567726;2,956707;2,645973;2,62308;2,843269;2,939394;2,890526;3,009781;1,945771;2,812279;2,867421;2,98206;3,002942;3,182634;3,017908;3,12153;3,006998;3,158261;3,070673;2,900327;3,016992;2,950077
2,558399;2,710767;2,654426;2,75145;1,746922;2,382379;2,40973;2,723674;2,332528;2,559815;2,625492;2,638544;2,587406;2,50327;2,832713;2,557226;2,570162;2,747772;2,771902;2,752855;2,877187;1,898699;2,678076;2,766361;2,821765;2,863367;3,050959;2,885313;2,978721;2,887411;3,027464;2,917144;2,742178;2,823822;2,826441
2,369176;2,586231;2,466101;2,597661;1,674608;2,276757;2,106587;2,574275;2,255003;2,44574;2,466514;2,521272;2,480294;2,408184;2,666564;2,450493;2,453793;2,648322;2,593337;2,588647;2,719163;1,823693;2,54705;2,63964;2,654618;2,682606;2,894863;2,742743;2,831587;2,73541;2,90025;2,733963;2,554056;2,604258;2,680705
2,202484;2,431088;2,230752;2,418326;1,555024;2,147684;1,848914;2,384076;2,177938;2,305816;2,234972;2,301333;2,357889;2,315462;2,428883;2,334641;2,348108;2,519812;2,363631;2,394901;2,524457;1,710859;2,367863;2,501736;2,429904;2,442494;2,706276;2,553839;2,648829;2,519946;2,719488;2,444892;2,294916;2,326362;2,50201
2,001307;2,239232;1,992439;2,212432;1,401673;1,92936;1,640816;2,152276;2,046588;2,140712;1,971189;2,026481;2,19169;2,178792;2,120054;2,195839;2,21602;2,391324;2,076017;2,120342;2,256038;1,493136;2,106347;2,296519;2,156417;2,193754;2,493173;2,33684;2,432152;2,207742;2,492817;2,100135;2,011033;2,02611;2,279308
1,787278;1,978566;1,795402;1,946053;1,28829;1,698781;1,462351;1,917656;1,879434;1,96038;1,746832;1,794448;1,970592;2,006116;1,88136;1,95354;2,037908;2,201542;1,848003;1,879309;1,97431;1,357953;1,820858;2,057899;1,914101;1,950402;2,231777;2,055172;2,159823;1,939912;2,200581;1,883008;1,783864;1,839978;2,019553
1,6489;1,789719;1,661126;1,724432;1,202564;1,508162;1,279992;1,709238;1,670911;1,740026;1,573751;1,618339;1,784699;1,78137;1,691456;1,757626;1,826265;1,955196;1,654008;1,673955;1,734786;1,232335;1,662261;1,815361;1,688419;1,768487;1,981677;1,813831;1,913941;1,726445;1,947763;1,669739;1,5661;1,631842;1,802913
1,526558;1,638921;1,520845;1,565263;1,109893;1,395121;1,095717;1,551528;1,532105;1,592027;1,433388;1,475503;1,61647;1,632565;1,51318;1,601214;1,67551;1,755144;1,477366;1,489699;1,566949;1,132261;1,522127;1,64672;1,511356;1,583772;1,773098;1,637329;1,724866;1,548825;1,765036;1,491076;1,394378;1,420116;1,625244
1,389334;1,490247;1,3487;1,39922;1,006546;1,26564;0,8964581;1,368329;1,434942;1,442273;1,286489;1,341087;1,517299;1,515311;1,347703;1,460624;1,54435;1,601372;1,278346;1,294315;1,401383;1,069294;1,395593;1,48224;1,320264;1,418404;1,587042;1,462021;1,556039;1,368688;1,581704;1,296923;1,191138;1,219687;1,462232
1,206957;1,327877;1,168825;1,26297;0,8994505;1,165302;0,6883783;1,21408;1,340347;1,289092;1,150532;1,205618;1,398097;1,392729;1,168835;1,349708;1,411752;1,450804;1,073179;1,114371;1,238421;1,009407;1,224289;1,332566;1,139124;1,23641;1,397707;1,311431;1,392147;1,201463;1,40774;1,103666;0,9829327;1,039086;1,288871
1,08744;1,174537;0,962196;1,092077;0,8218484;1,035821;0,4733235;1,01958;1,254236;1,149879;0,9832786;1,057387;1,289845;1,280216;0,9967838;1,227561;1,275206;1,307916;0,8845431;0,9261522;1,048677;0,9383948;1,059132;1,201597;0,941776;1,059314;1,209552;1,146611;1,210261;1,028646;1,222853;0,9023239;0,769197;0,8209925;1,084386
0,9238169;0,997316;0,7834853;0,9386945;0,7145669;0,8761157;0,2560838;0,8481114;1,141718;1,000692;0,8060811;0,88586;1,159851;1,137695;0,8007349;1,078592;1,103876;1,192386;0,6748588;0,7347659;0,8505431;0,8355742;0,8553543;1,045645;0,7183271;0,8707283;1,016018;0,9348419;0,9986054;0,835535;1,039835;0,6772549;0,5689239;0,618962;0,885336
0,7434938;0,8188159;0,5824619;0,7492648;0,6092046;0,707181;0,03991356;0,6776686;1,034305;0,829685;0,6058894;0,6861389;0,9845524;0,9970351;0,6086081;0,9318753;0,987017;1,030033;0,4333491;0,5311818;0,6427516;0,6835051;0,6764792;0,8798331;0,5066001;0,6717517;0,8385579;0,7116469;0,8265424;0,6225201;0,8454905;0,4579963;0,3433513;0,3979748;0,6986163
0,5542036;0,6621522;0,3980322;0,5823911;0,4594984;0,5233828;-0,1837865;0,4912739;0,8821818;0,6741942;0,3748274;0,4668507;0,775692;0,8331305;0,3992909;0,764707;0,8473537;0,8798931;0,1819901;0,303335;0,4387102;0,4969722;0,4932744;0,6721684;0,2990817;0,4783533;0,6316418;0,5090722;0,5978237;0,4104177;0,6265126;0,2233195;0,1343676;0,1675378;0,5348455
0,3532057;0,4800798;0,210923;0,3752127;0,2881249;0,3679668;-0,4262125;0,2834583;0,7300785;0,5182247;0,1458219;0,2488581;0,6216271;0,649209;0,1960263;0,5740036;0,7036847;0,7265274;-0,05128956;0,08342966;0,24485;0,309064;0,3221496;0,4739642;0,0710946;0,2545001;0,4121895;0,2917922;0,4316937;0,1894426;0,3909425;-0,02664691;-0,1101797;-0,05885437;0,3295643
0,1463599;0,2833829;-0,01076269;0,1665363;0,1170839;0,1881822;-0,6737553;0,04733533;0,570584;0,3602947;-0,0621959;0,06450009;0,4522403;0,5085234;-0,03682482;0,3978508;0,5605378;0,5444758;-0,2880743;-0,1742654;0,01370323;0,1302993;0,1439676;0,2662022;-0,1568297;0,000987244;0,1854349;0,07467711;0,2110348;-0,01416487;0,1772898;-0,2884053;-0,3599136;-0,3714537;0,07967395
-0,03912628;0,06629133;-0,2289694;-0,03691494;-0,06814432;0,03164947;-0,9651016;-0,1670747;0,3604356;0,1864079;-0,2640179;-0,1417723;0,2904944;0,3545009;-0,265224;0,1998954;0,3464234;0,3617457;-0,5231291;-0,4433794;-0,2355645;-0,04972386;-0,05386233;0,07058203;-0,3851481;-0,2739995;-0,06850696;-0,1332647;0,01211816;-0,2476093;-0,07314205;-0,554976;-0,6233346;-0,6648073;-0,1256187
-0,2185424;-0,1749597;-0,5238527;-0,2529015;-0,2531739;-0,1905962;-1,256041;-0,4057588;0,1833824;-0,002552569;-0,4766239;-0,3598472;0,1042728;0,1345423;-0,5018021;-0,0271138;0,1592993;0,1568633;-0,7721139;-0,7112134;-0,4861461;-0,2300293;-0,2973017;-0,1561031;-0,6240685;-0,5296813;-0,3012185;-0,3252033;-0,1998683;-0,481819;-0,3235551;-0,8149953;-0,8923053;-0,9252495;-0,3846809
-0,4249204;-0,422287;-0,8139364;-0,4937447;-0,4481316;-0,3923803;-1,539412;-0,637545;0,02419972;-0,2074368;-0,702622;-0,6332411;-0,057545;-0,09519643;-0,7418065;-0,2237333;-0,06196856;-0,06445527;-1,028659;-0,9821656;-0,7268521;-0,4267614;-0,5161269;-0,3910536;-0,8593323;-0,7925454;-0,5650966;-0,5407856;-0,4643794;-0,7352262;-0,5984243;-1,134708;-1,161952;-1,173826;-0,6178383
-0,6510804;-0,6434569;-1,083711;-0,7244843;-0,6466672;-0,6465956;-1,790542;-0,8769057;-0,2050893;-0,4218324;-0,9215694;-0,918874;-0,3366263;-0,3392857;-1,022342;-0,447805;-0,2767923;-0,2516397;-1,297335;-1,26176;-0,9694024;-0,6483625;-0,768516;-0,6257843;-1,119172;-1,049498;-0,8103987;-0,7987896;-0,7416431;-1,001013;-0,8501215;-1,451139;-1,435432;-1,440636;-0,8555789
-0,8572012;-0,8887034;-1,332959;-0,9397716;-0,8650461;-0,9016472;-2,041809;-1,099901;-0,4199367;-0,67479;-1,186422;-1,16975;-0,5229663;-0,5711601;-1,301058;-0,680011;-0,4681809;-0,5036414;-1,562075;-1,530324;-1,219686;-0,8981804;-1,052011;-0,880939;-1,371408;-1,304572;-1,066499;-1,031258;-0,9748414;-1,293031;-1,101441;-1,735954;-1,738563;-1,715773;-1,087231
-1,133377;-1,108009;-1,583027;-1,226418;-1,077914;-1,152743;-2,294658;-1,316613;-0,6126394;-0,913976;-1,464781;-1,426979;-0,791774;-0,8082259;-1,57314;-0,8805486;-0,670225;-0,6982096;-1,826982;-1,78226;-1,508687;-1,136814;-1,302014;-1,127588;-1,614131;-1,549935;-1,332102;-1,294398;-1,225615;-1,57552;-1,34948;-2,002266;-2,008985;-1,987621;-1,320408
-1,383618;-1,338458;-1,817025;-1,489208;-1,295591;-1,389446;-2,558632;-1,532436;-0,8139293;-1,151113;-1,701188;-1,66639;-0,9956038;-1,031517;-1,81344;-1,13069;-0,8751895;-0,9125005;-2,094339;-2,020996;-1,806493;-1,386423;-1,56315;-1,38678;-1,862406;-1,801833;-1,606381;-1,558255;-1,457976;-1,829779;-1,604944;-2,253899;-2,251321;-2,258423;-1,565981
-1,630956;-1,580271;-2,073471;-1,737572;-1,54508;-1,607377;-2,802463;-1,764261;-1,02138;-1,355343;-1,948429;-1,925875;-1,242711;-1,239779;-2,062595;-1,346661;-1,116919;-1,164849;-2,343509;-2,265888;-2,071701;-1,593721;-1,830201;-1,662789;-2,116364;-2,045659;-1,880693;-1,809227;-1,689953;-2,064847;-1,862955;-2,52707;-2,526183;-2,516728;-1,834943
-1,880265;-1,833314;-2,320485;-1,968871;-1,820682;-1,846979;-3,043955;-2,019651;-1,251463;-1,602788;-2,16888;-2,162249;-1,479377;-1,524314;-2,298084;-1,59729;-1,384312;-1,423577;-2,583507;-2,500151;-2,340166;-1,830309;-2,065045;-1,935188;-2,371239;-2,307721;-2,171605;-2,038727;-1,928474;-2,316096;-2,136093;-2,78828;-2,776027;-2,759854;-2,07193
-2,10421;-2,113704;-2,563666;-2,189944;-2,044441;-2,070261;-3,250481;-2,248281;-1,523576;-1,845386;-2,376865;-2,399726;-1,736217;-1,779682;-2,537097;-1,85508;-1,680757;-1,661926;-2,813061;-2,749383;-2,594787;-2,050625;-2,28864;-2,176434;-2,608582;-2,56086;-2,446676;-2,265306;-2,168645;-2,567689;-2,402194;-3,044519;-3,024643;-2,998877;-2,286054
-2,353492;-2,370374;-2,808119;-2,400067;-2,264121;-2,304492;-3,454252;-2,47059;-1,757704;-2,087395;-2,607226;-2,640464;-1,975314;-2,039157;-2,775691;-2,102613;-1,938212;-1,959178;-3,029508;-2,993632;-2,822905;-2,306656;-2,521353;-2,412546;-2,817978;-2,802465;-2,690131;-2,470704;-2,406521;-2,811805;-2,658446;-3,267704;-3,264232;-3,218829;-2,53678
-2,594717;-2,566311;-3,037234;-2,615828;-2,468738;-2,527035;-3,636558;-2,667068;-1,994284;-2,308687;-2,836737;-2,861094;-2,236629;-2,319344;-2,99695;-2,34957;-2,139979;-2,187402;-3,237891;-3,237264;-3,038169;-2,544958;-2,748402;-2,644883;-3,039641;-3,029647;-2,931344;-2,679746;-2,637093;-3,029623;-2,880933;-3,501777;-3,488;-3,432345;-2,780686
-2,821684;-2,808827;-3,255672;-2,803013;-2,664612;-2,735386;-3,792292;-2,87697;-2,218283;-2,524196;-3,047397;-3,081771;-2,441249;-2,563221;-3,216869;-2,590103;-2,313012;-2,391841;-3,437199;-3,449448;-3,234052;-2,793275;-2,961448;-2,884378;-3,225965;-3,234977;-3,146489;-2,884041;-2,823348;-3,218374;-3,136461;-3,699954;-3,68041;-3,630795;-2,971127
-3,013458;-3,012058;-3,441488;-3,008903;-2,859922;-2,939358;-3,949975;-3,056482;-2,41475;-2,729513;-3,243983;-3,305585;-2,658706;-2,780249;-3,39504;-2,808472;-2,551931;-2,59323;-3,647729;-3,61806;-3,435992;-3,045871;-3,163128;-3,112558;-3,382864;-3,432185;-3,357291;-3,110248;-3,008096;-3,41305;-3,379249;-3,893789;-3,84462;-3,815616;-3,164786
-3,199691;-3,196571;-3,621538;-3,192382;-3,048713;-3,138439;-4,069483;-3,217345;-2,620889;-2,920171;-3,421532;-3,495376;-2,873243;-2,992633;-3,554855;-3,008245;-2,749045;-2,791494;-3,807093;-3,810838;-3,608425;-3,242867;-3,344377;-3,32103;-3,537286;-3,612994;-3,559159;-3,311973;-3,181017;-3,57364;-3,586851;-4,052552;-4,008574;-3,974914;-3,332426
-3,356989;-3,396247;-3,773727;-3,367385;-3,217176;-3,318196;-4,185373;-3,383866;-2,79136;-3,116189;-3,576112;-3,6653;-3,067388;-3,190928;-3,693106;-3,198838;-2,955733;-2,981402;-3,948048;-3,978622;-3,762574;-3,404542;-3,504323;-3,495816;-3,654801;-3,763284;-3,725903;-3,469951;-3,33572;-3,744887;-3,730849;-4,18451;-4,140846;-4,108501;-3,506634
-3,484399;-3,5501;-3,899568;-3,506861;-3,375805;-3,459354;-4,269728;-3,509014;-2,989775;-3,283768;-3,732077;-3,78739;-3,246678;-3,374927;-3,815903;-3,385815;-3,140786;-3,163782;-4,1023;-4,100311;-3,903512;-3,545024;-3,655673;-3,65575;-3,765433;-3,906125;-3,8933;-3,605193;-3,469759;-3,886139;-3,873236;-4,296397;-4,246628;-4,220973;-3,623348
-3,619802;-3,68668;-3,996226;-3,63717;-3,506546;-3,566297;-4,305922;-3,62698;-3,184869;-3,432026;-3,848888;-3,908215;-3,414416;-3,531246;-3,925685;-3,528683;-3,302719;-3,326308;-4,181502;-4,199997;-4,020711;-3,68797;-3,782017;-3,791144;-3,846215;-4,018824;-4,019411;-3,716934;-3,594717;-4,008794;-3,997824;-4,396105;-4,32458;-4,308039;-3,723123
-3,714741;-3,799984;-4,058915;-3,728025;-3,630593;-3,67909;-4,321812;-3,694219;-3,34457;-3,554504;-3,93186;-4,001633;-3,544255;-3,668365;-4,038384;-3,635019;-3,442687;-3,479679;-4,240793;-4,260743;-4,105188;-3,812793;-3,881936;-3,914916;-3,903738;-4,114863;-4,122802;-3,809295;-3,698662;-4,094355;-4,119848;-4,468556;-4,389615;-4,380692;-3,800759
-3,809095;-3,887078;-4,087979;-3,798769;-3,706933;-3,796361;-4,261598;-3,736835;-3,486438;-3,648096;-3,975372;-4,066935;-3,65482;-3,783429;-4,098715;-3,728174;-3,539696;-3,604811;-4,257824;-4,300178;-4,160609;-3,909037;-3,956841;-4,010307;-3,921076;-4,175651;-4,199684;-3,8907;-3,774267;-4,1486;-4,202151;-4,485151;-4,409652;-4,385543;-3,852986
-3,865233;-3,927534;-4,034183;-3,835622;-3,755956;-3,855321;-4,176713;-3,732878;-3,575637;-3,716401;-3,981958;-4,108013;-3,726065;-3,885916;-4,091169;-3,79667;-3,624197;-3,690963;-4,246421;-4,295002;-4,177611;-3,949081;-3,993896;-4,06867;-3,907476;-4,177908;-4,246272;-3,92824;-3,815405;-4,156962;-4,240462;-4,449796;-4,357258;-4,34896;-3,883998
-3,858197;-3,949739;-3,897887;-3,818138;-3,750054;-3,864624;-3,964353;-3,717469;-3,627479;-3,741585;-3,945681;-4,074212;-3,757979;-3,938967;-4,03879;-3,824504;-3,693731;-3,744679;-4,172247;-4,244468;-4,127532;-3,930129;-3,984848;-4,087291;-3,838328;-4,115175;-4,239722;-3,929065;-3,809841;-4,131709;-4,24488;-4,33117;-4,237186;-4,242137;-3,878989
-3,782341;-3,909231;-3,747128;-3,737756;-3,677064;-3,815793;-3,755846;-3,659688;-3,63048;-3,738505;-3,835229;-3,944021;-3,746676;-3,941247;-3,907484;-3,796122;-3,713288;-3,752489;-4,020138;-4,111279;-4,009458;-3,799421;-3,888966;-4,048045;-3,74153;-3,971776;-4,173995;-3,860479;-3,748778;-4,057676;-4,196256;-4,105755;-3,956247;-4,02981;-3,821368
-3,6062;-3,83707;-3,693422;-3,583793;-3,510239;-3,684129;-3,657648;-3,528342;-3,588863;-3,691676;-3,62916;-3,766038;-3,684504;-3,877874;-3,688019;-3,7025;-3,674823;-3,734093;-3,792231;-3,8742;-3,789329;-3,651288;-3,709503;-3,920751;-3,558565;-3,766781;-4,004646;-3,747826;-3,602721;-3,849926;-4,039257;-3,917408;-3,778448;-3,839634;-3,653285
-3,492558;-3,669097;-3,684701;-3,486923;-3,415106;-3,524065;-3,606315;-3,359646;-3,451451;-3,569705;-3,551576;-3,69161;-3,542699;-3,721991;-3,572299;-3,586289;-3,535007;-3,60693;-3,657145;-3,729033;-3,678899;-3,617929;-3,612657;-3,764423;-3,407085;-3,656966;-3,806054;-3,559996;-3,397339;-3,668788;-3,784896;-3,830724;-3,713177;-3,744328;-3,507016
-3,466357;-3,579215;-3,681003;-3,450749;-3,393747;-3,458495;-3,571793;-3,282898;-3,366224;-3,473705;-3,512656;-3,646861;-3,497487;-3,609149;-3,532053;-3,565165;-3,432494;-3,460085;-3,603946;-3,667404;-3,612895;-3,610165;-3,568954;-3,68404;-3,325545;-3,614859;-3,738689;-3,448251;-3,255429;-3,614311;-3,683787;-3,801238;-3,680505;-3,699035;-3,41663
-3,453817;-3,548523;-3,692422;-3,420302;-3,386769;-3,437929;-3,537521;-3,24373;-3,358366;-3,450357;-3,494891;-3,63532;-3,478112;-3,571031;-3,5084;-3,558236;-3,411978;-3,429109;-3,56289;-3,614961;-3,582007;-3,60801;-3,541983;-3,651215;-3,274791;-3,593381;-3,713836;-3,392269;-3,200267;-3,572731;-3,6535;-3,766769;-3,649324;-3,665487;-3,364072
-3,453286;-3,532389;-3,691663;-3,415844;-3,384934;-3,425728;-3,495178;-3,214981;-3,369103;-3,438058;-3,468615;-3,622488;-3,484432;-3,568687;-3,479028;-3,567221;-3,408588;-3,418333;-3,534807;-3,585943;-3,554646;-3,624787;-3,524254;-3,644834;-3,228489;-3,581823;-3,691157;-3,368663;-3,160839;-3,543689;-3,648535;-3,734138;-3,620946;-3,629186;-3,334991
-3,442672;-3,520404;-3,674116;-3,404242;-3,379942;-3,4159;-3,453768;-3,190709;-3,381287;-3,422791;-3,451557;-3,614359;-3,489338;-3,580542;-3,459998;-3,571462;-3,418558;-3,417155;-3,493597;-3,550907;-3,532622;-3,631541;-3,509259;-3,644425;-3,187896;-3,560553;-3,677734;-3,351855;-3,139752;-3,521309;-3,635876;-3,698438;-3,583997;-3,594291;-3,305399
-3,424132;-3,508373;-3,65989;-3,390902;-3,376141;-3,396049;-3,407025;-3,168424;-3,395966;-3,415833;-3,428162;-3,591126;-3,489144;-3,585599;-3,423691;-3,574813;-3,416711;-3,414931;-3,451405;-3,520787;-3,504171;-3,631622;-3,493373;-3,624391;-3,151784;-3,534686;-3,652979;-3,318512;-3,112579;-3,490771;-3,60476;-3,669055;-3,553755;-3,536688;-3,264519
-3,390973;-3,490428;-3,625922;-3,360768;-3,346612;-3,376508;-3,359582;-3,114892;-3,396036;-3,397743;-3,395657;-3,559824;-3,474028;-3,575798;-3,380614;-3,570687;-3,408245;-3,40146;-3,405666;-3,468408;-3,464365;-3,614262;-3,464356;-3,590684;-3,083818;-3,507871;-3,625501;-3,271446;-3,080992;-3,454295;-3,572316;-3,616712;-3,503084;-3,49548;-3,226334
-3,348218;-3,444274;-3,579289;-3,320184;-3,314722;-3,343377;-3,275516;-3,066527;-3,381311;-3,376113;-3,343569;-3,513623;-3,450617;-3,565523;-3,32386;-3,554454;-3,385392;-3,379792;-3,346059;-3,402302;-3,407784;-3,584426;-3,418604;-3,560337;-3,028599;-3,461334;-3,589286;-3,219973;-3,041206;-3,396051;-3,525228;-3,564255;-3,452838;-3,430177;-3,188763
-3,301677;-3,399556;-3,512575;-3,262668;-3,260078;-3,301166;-3,209926;-3,004908;-3,351524;-3,330432;-3,275252;-3,458888;-3,413123;-3,540689;-3,262218;-3,513564;-3,34608;-3,349084;-3,278672;-3,338254;-3,35573;-3,535564;-3,369087;-3,519986;-2,964071;-3,40672;-3,538882;-3,159133;-2,985995;-3,332944;-3,487823;-3,498047;-3,386879;-3,349122;-3,129442
-3,246041;-3,337966;-3,439177;-3,198246;-3,206395;-3,234838;-3,109656;-2,934721;-3,30868;-3,274507;-3,192968;-3,387528;-3,363448;-3,495004;-3,190027;-3,454305;-3,297207;-3,299812;-3,195301;-3,266672;-3,293911;-3,484624;-3,29817;-3,457232;-2,874319;-3,332228;-3,474333;-3,100785;-2,928904;-3,254998;-3,434089;-3,406723;-3,312314;-3,269733;-3,06151
-3,177892;-3,267108;-3,351866;-3,12401;-3,133472;-3,177344;-2,999953;-2,845797;-3,248002;-3,209788;-3,100926;-3,299837;-3,291562;-3,435626;-3,100886;-3,395983;-3,237901;-3,233544;-3,108534;-3,178272;-3,199797;-3,405708;-3,213071;-3,383037;-2,797666;-3,22957;-3,394351;-3,020322;-2,846563;-3,165308;-3,367261;-3,308742;-3,218215;-3,185032;-2,976701
-3,081342;-3,172783;-3,233063;-3,022191;-3,032589;-3,080042;-2,886421;-2,747399;-3,169014;-3,122929;-2,984349;-3,212651;-3,207783;-3,361741;-2,993063;-3,307185;-3,173563;-3,148346;-3,002482;-3,073562;-3,096578;-3,314164;-3,112;-3,29952;-2,695262;-3,130618;-3,306877;-2,927871;-2,750645;-3,069728;-3,282087;-3,199641;-3,107308;-3,070637;-2,891384
-2,961571;-3,081259;-3,082828;-2,911049;-2,913528;-2,985242;-2,754885;-2,64113;-3,070264;-3,032269;-2,863636;-3,063098;-3,113679;-3,272646;-2,852393;-3,215563;-3,081348;-3,061672;-2,882695;-2,953743;-2,97177;-3,202654;-3,000623;-3,19482;-2,580304;-3,00972;-3,201126;-2,839906;-2,645141;-2,9579;-3,17567;-3,07779;-2,981063;-2,946553;-2,77988
-2,839243;-2,956721;-2,922814;-2,772672;-2,775361;-2,850183;-2,595855;-2,526966;-2,957789;-2,91595;-2,718466;-2,902829;-2,988791;-3,157823;-2,716979;-3,102186;-2,959206;-2,969302;-2,761951;-2,82124;-2,808845;-3,074831;-2,870719;-3,069939;-2,455833;-2,861964;-3,079686;-2,72092;-2,536069;-2,83248;-3,062819;-2,930367;-2,829338;-2,813691;-2,657848
-2,683721;-2,828813;-2,749222;-2,636808;-2,628544;-2,694988;-2,423532;-2,376317;-2,83231;-2,7723;-2,561423;-2,742099;-2,855197;-3,024474;-2,566959;-2,96831;-2,822485;-2,835844;-2,612169;-2,666532;-2,660757;-2,919539;-2,695793;-2,934234;-2,325419;-2,72251;-2,930925;-2,588952;-2,41033;-2,676437;-2,922862;-2,772162;-2,669293;-2,646777;-2,528015
-2,520695;-2,663515;-2,55193;-2,466544;-2,435585;-2,527939;-2,219103;-2,230017;-2,688392;-2,624808;-2,370116;-2,562672;-2,699447;-2,880517;-2,402626;-2,81815;-2,66447;-2,707899;-2,448101;-2,484083;-2,493454;-2,742376;-2,486224;-2,777164;-2,167275;-2,547813;-2,782611;-2,455632;-2,269563;-2,491423;-2,778285;-2,594924;-2,461292;-2,477978;-2,36715
-2,344247;-2,48401;-2,329591;-2,285567;-2,199808;-2,338798;-1,958246;-2,062229;-2,519481;-2,46137;-2,156841;-2,354884;-2,522558;-2,701312;-2,208642;-2,638996;-2,503369;-2,553882;-2,258389;-2,29084;-2,281795;-2,540091;-2,284827;-2,579428;-1,978001;-2,347001;-2,600024;-2,28205;-2,104879;-2,295744;-2,59759;-2,387192;-2,21599;-2,260827;-2,191697
-2,12394;-2,277065;-2,111498;-2,075178;-1,943428;-2,135381;-1,703501;-1,861839;-2,326334;-2,263763;-1,926978;-2,117616;-2,312903;-2,493483;-2,011052;-2,436138;-2,31051;-2,360352;-2,015356;-2,06767;-2,048242;-2,296669;-2,059569;-2,322497;-1,752244;-2,110296;-2,362192;-2,095229;-1,926794;-2,11031;-2,394554;-2,130047;-1,935664;-2,017842;-1,965473
-1,847058;-2,024083;-1,809365;-1,832472;-1,697984;-1,879121;-1,486109;-1,624288;-2,100538;-2,013032;-1,650149;-1,828638;-2,080699;-2,266008;-1,747774;-2,197448;-2,091334;-2,118465;-1,746316;-1,793373;-1,760517;-1,99903;-1,775356;-2,069468;-1,491426;-1,820613;-2,109387;-1,871025;-1,717574;-1,864965;-2,1557;-1,854143;-1,683676;-1,741588;-1,692818
-1,542428;-1,71386;-1,504642;-1,545854;-1,454248;-1,58935;-1,297977;-1,393041;-1,835273;-1,697554;-1,413772;-1,562174;-1,788758;-1,953619;-1,475495;-1,910735;-1,84005;-1,814783;-1,524585;-1,552041;-1,510814;-1,723241;-1,507335;-1,757192;-1,289253;-1,577321;-1,812576;-1,618266;-1,482016;-1,568598;-1,868432;-1,622118;-1,462595;-1,531931;-1,455039
-1,29002;-1,447757;-1,286679;-1,305638;-1,191684;-1,354488;-1,104543;-1,185528;-1,552871;-1,458091;-1,198705;-1,33354;-1,514499;-1,623539;-1,26191;-1,607982;-1,556251;-1,522984;-1,324056;-1,356004;-1,27644;-1,464086;-1,27967;-1,494552;-1,095018;-1,353315;-1,55509;-1,41209;-1,265103;-1,335435;-1,612506;-1,41763;-1,258608;-1,334908;-1,246268
-1,07593;-1,192446;-1,048118;-1,11079;-0,9691507;-1,144191;-0,9276044;-0,9969396;-1,310178;-1,217295;-0,9897972;-1,117799;-1,248194;-1,372639;-1,062973;-1,315653;-1,288595;-1,284133;-1,108061;-1,148623;-1,072896;-1,231584;-1,067281;-1,271171;-0,9181135;-1,14216;-1,340518;-1,184879;-1,07748;-1,13629;-1,354138;-1,199595;-1,059194;-1,126939;-1,053389
-0,8843918;-0,9603377;-0,8248585;-0,8811001;-0,74213;-0,9255604;-0,7486953;-0,7980903;-1,067173;-0,9942398;-0,7595567;-0,8968319;-0,9893244;-1,142694;-0,8490028;-1,040486;-1,02219;-1,057333;-0,8922991;-0,928381;-0,8736807;-0,9938129;-0,8536307;-1,044244;-0,739289;-0,924418;-1,120442;-0,9738593;-0,8966321;-0,9381498;-1,138185;-1,003827;-0,8646502;-0,9368551;-0,8595536
-0,6626679;-0,7403353;-0,5857468;-0,6675859;-0,5160294;-0,7082105;-0,5429199;-0,5774052;-0,8354262;-0,7772002;-0,5313236;-0,6679758;-0,7541195;-0,8970802;-0,6412976;-0,7950053;-0,7900972;-0,8320178;-0,6824216;-0,7171814;-0,6643752;-0,7234817;-0,6367614;-0,8227978;-0,5672415;-0,7142515;-0,9168493;-0,7793937;-0,7092063;-0,7301788;-0,9200312;-0,786514;-0,6696131;-0,7370313;-0,6601583
-0,4121087;-0,5185851;-0,3459681;-0,4497802;-0,2808514;-0,4801084;-0,3103936;-0,3906833;-0,5923003;-0,5539535;-0,3079041;-0,4383855;-0,5168363;-0,6565228;-0,4260838;-0,5464758;-0,5553138;-0,605;-0,4755459;-0,5147278;-0,4501092;-0,4645796;-0,4116154;-0,6187829;-0,3812259;-0,4985975;-0,6970124;-0,5825893;-0,5353096;-0,5181497;-0,6700417;-0,5694082;-0,4678935;-0,5365012;-0,4728723
-0,1924312;-0,2869163;-0,0990999;-0,2330598;-0,04971686;-0,2623863;-0,07724606;-0,1925898;-0,3206146;-0,3121629;-0,08639538;-0,2053857;-0,2779698;-0,4139214;-0,2115336;-0,3126892;-0,3054039;-0,3705662;-0,2726079;-0,3188412;-0,2160709;-0,2111403;-0,182538;-0,3816493;-0,1963126;-0,2419082;-0,4666829;-0,372386;-0,3457614;-0,2983635;-0,4500226;-0,359311;-0,2459002;-0,337835;-0,259243
